1,203518,Alex Abrines,latest
2,1629121,Jaylen Adams,latest
3,203500,Steven Adams,latest
4,1628389,Bam Adebayo,latest
5,1629152,DeVaughn Akoon-Purcell,latest
6,200746,LaMarcus Aldridge,latest
7,1628959,Rawle Alkins,latest
8,1628960,Grayson Allen,latest
9,1628386,Jarrett Allen,latest
10,202329,Al-Farouq Aminu,latest
11,1626147,Justin Anderson,latest
12,203937,Kyle Anderson,latest
13,201583,Ryan Anderson,latest
14,1628387,Ike Anigbogu,latest
15,203507,Giannis Antetokounmpo,latest
16,1628961,Kostas Antetokounmpo,latest
17,2546,Carmelo Anthony,latest
18,1628384,OG Anunoby,latest
19,1627853,Ryan Arcidiacono,latest
20,2772,Trevor Ariza,latest
21,201571,D.J. Augustin,latest
22,1629028,Deandre Ayton,latest
23,1628407,Dwayne Bacon,latest
24,1628963,Marvin Bagley III,latest
25,1627758,Ron Baker,latest
26,1627735,Wade Baldwin IV,latest
27,1628366,Lonzo Ball,latest
28,1628964,Mo Bamba,latest
29,200826,J.J. Barea,latest
30,203084,Harrison Barnes,latest
31,203115,Will Barton,latest
32,1628966,Keita Bates-Diop,latest
33,201587,Nicolas Batum,latest
34,201573,Jerryd Bayless,latest
35,203382,Aron Baynes,latest
36,203145,Kent Bazemore,latest
37,203078,Bradley Beal,latest
38,1627736,Malik Beasley,latest
39,201563,Michael Beasley,latest
40,201158,Marco Belinelli,latest
41,1628395,Jordan Bell,latest
42,1627761,DeAndre' Bembry,latest
43,1627733,Dragan Bender,latest
44,202722,Davis Bertans,latest
45,201976,Patrick Beverley,latest
46,203920,Khem Birch,latest
47,1628444,Jabari Bird,latest
48,202687,Bismack Biyombo,latest
49,202357,Nemanja Bjelica,latest
50,1628469,Antonio Blakeney,latest
51,202339,Eric Bledsoe,latest
52,1629129,Trevon Bluiett,latest
53,203992,Bogdan Bogdanovic,latest
54,202711,Bojan Bogdanovic,latest
55,1628413,Jonah Bolden,latest
56,1629067,Isaac Bonga,latest
57,1626164,Devin Booker,latest
58,1628449,Chris Boucher,latest
59,202340,Avery Bradley,latest
60,1628396,Tony Bradley,latest
61,1628969,Mikal Bridges,latest
62,1628970,Miles Bridges,latest
63,1628515,Isaiah Briscoe,latest
64,1629151,Ryan Broekhoff,latest
65,1627763,Malcolm Brogdon,latest
66,1628415,Dillon Brooks,latest
67,202705,MarShon Brooks,latest
68,1628972,Troy Brown Jr.,latest
69,1628971,Bruce Brown,latest
70,1627759,Jaylen Brown,latest
71,203485,Lorenzo Brown,latest
72,1628425,Sterling Brown,latest
73,1628973,Jalen Brunson,latest
74,1628418,Thomas Bryant,latest
75,203493,Reggie Bullock,latest
76,203504,Trey Burke,latest
77,202692,Alec Burks,latest
78,1629126,Deonte Burton,latest
79,202710,Jimmy Butler,latest
80,101181,Jose Calderon,latest
81,203484,Kentavious Caldwell-Pope,latest
82,203477,Isaiah Canaan,latest
83,203991,Clint Capela,latest
84,201960,DeMarre Carroll,latest
85,1628976,Wendell Carter Jr.,latest
86,203487,Michael Carter-Williams,latest
87,1628975,Jevon Carter,latest
88,1713,Vince Carter,latest
89,1627936,Alex Caruso,latest
90,201956,Omri Casspi,latest
91,1626161,Willie Cauley-Stein,latest
92,1628505,Troy Caupain,latest
93,1628463,Tyler Cavanaugh,latest
94,2199,Tyson Chandler,latest
95,201163,Wilson Chandler,latest
96,1629147,Joe Chealey,latest
97,1627737,Marquese Chriss,latest
98,1629109,Gary Clark,latest
99,203546,Ian Clark,latest
100,203903,Jordan Clarkson,latest
101,1628381,John Collins,latest
102,1628380,Zach Collins,latest
103,201954,Darren Collison,latest
104,201144,Mike Conley,latest
105,1626192,Pat Connaughton,latest
106,1626188,Quinn Cook,latest
107,202326,DeMarcus Cousins,latest
108,203496,Robert Covington,latest
109,203459,Allen Crabbe,latest
110,1628470,Torrey Craig,latest
111,2037,Jamal Crawford,latest
112,203109,Jae Crowder,latest
113,201967,Dante Cunningham,latest
114,203552,Seth Curry,latest
115,201939,Stephen Curry,latest
116,203584,Troy Daniels,latest
117,203076,Anthony Davis,latest
118,202334,Ed Davis,latest
119,1629093,Tyler Davis,latest
120,203473,Dewayne Dedmon,latest
121,1626155,Sam Dekker,latest
122,1629116,Angel Delgado,latest
123,203521,Matthew Dellavedova,latest
124,2736,Luol Deng,latest
125,201942,DeMar DeRozan,latest
126,1629094,Marcus Derrickson,latest
127,1627767,Cheick Diallo,latest
128,1628977,Hamidou Diallo,latest
129,203476,Gorgui Dieng,latest
130,203915,Spencer Dinwiddie,latest
131,1628978,Donte DiVincenzo,latest
132,1629029,Luka Doncic,latest
133,1628416,Tyler Dorsey,latest
134,1628422,Damyean Dotson,latest
135,1628408,PJ Dozier,latest
136,201609,Goran Dragic,latest
137,203083,Andre Drummond,latest
138,201162,Jared Dudley,latest
139,1627739,Kris Dunn,latest
140,201142,Kevin Durant,latest
141,1628979,Trevon Duval,latest
142,1629053,Vincent Edwards,latest
143,1627740,Henry Ellenson,latest
144,201961,Wayne Ellington,latest
145,203954,Joel Embiid,latest
146,203516,James Ennis III,latest
147,1629234,Drew Eubanks,latest
148,1628980,Jacob Evans,latest
149,,Keenan Evans,
150,201936,Tyreke Evans,latest
151,203957,Dante Exum,latest
152,202702,Kenneth Faried,latest
153,202324,Derrick Favors,latest
154,1626245,Cristiano Felicio,latest
155,101109,Raymond Felton,latest
156,1628390,Terrance Ferguson,latest
157,1627812,Yogi Ferrell,latest
158,1627827,Dorian Finney-Smith,latest
159,1627854,Bryn Forbes,latest
160,203095,Evan Fournier,latest
161,1628368,De'Aaron Fox,latest
162,1628982,Melvin Frazier Jr.,latest
163,204025,Tim Frazier,latest
164,101112,Channing Frye,latest
165,1628365,Markelle Fultz,latest
166,1629117,Wenyen Gabriel,latest
167,201568,Danilo Gallinari,latest
168,204038,Langston Galloway,latest
169,201188,Marc Gasol,latest
170,2200,Pau Gasol,latest
171,200752,Rudy Gay,latest
172,202331,Paul George,latest
173,201959,Taj Gibson,latest
174,1628385,Harry Giles III,latest
175,1628983,Shai Gilgeous-Alexander,latest
176,203497,Rudy Gobert,latest
177,203932,Aaron Gordon,latest
178,201569,Eric Gordon,latest
179,101162,Marcin Gortat,latest
180,1628984,Devonte' Graham,latest
181,1626203,Treveon Graham,latest
182,203924,Jerami Grant,latest
183,1626170,Jerian Grant,latest
184,201980,Danny Green,latest
185,203110,Draymond Green,latest
186,101123,Gerald Green,latest
187,203210,JaMychal Green,latest
188,201145,Jeff Green,latest
666459,1628968,Brian Bowen II,latest
190,1627772,Daniel Hamilton,latest
191,203501,Tim Hardaway Jr.,latest
192,201935,James Harden,latest
193,203090,Maurice Harkless,latest
194,1626149,Montrezl Harrell,latest
195,2734,Devin Harris,latest
196,203914,Gary Harris,latest
197,203925,Joe Harris,latest
198,1626150,Andrew Harrison,latest
199,1627885,Shaquille Harrison,latest
200,202699,Tobias Harris,latest
201,1628392,Isaiah Hartenstein,latest
202,1628404,Josh Hart,latest
203,2617,Udonis Haslem,latest
204,202330,Gordon Hayward,latest
205,203089,John Henson,latest
206,1627823,Juancho Hernangomez,latest
207,1626195,Willy Hernangomez,latest
208,1626209,Mario Hezonja,latest
209,1628439,Isaiah Hicks,latest
210,1627741,Buddy Hield,latest
211,201588,George Hill,latest
212,203524,Solomon Hill,latest
50793,1629353,Isaac Humphries,
214,201950,Jrue Holiday,latest
215,203200,Justin Holiday,latest
216,1626178,Rondae Hollis-Jefferson,latest
217,1626158,Richaun Holmes,latest
218,203918,Rodney Hood,latest
219,201143,Al Horford,latest
220,2730,Dwight Howard,latest
221,1628989,Kevin Huerter,latest
222,1628990,Chandler Hutchison,latest
223,201586,Serge Ibaka,latest
224,2738,Andre Iguodala,latest
225,101141,Ersan Ilyasova,latest
226,204060,Joe Ingles,latest
227,1627742,Brandon Ingram,latest
228,202681,Kyrie Irving,latest
229,1628371,Jonathan Isaac,latest
230,1628411,Wes Iwundu,latest
231,1628991,Jaren Jackson Jr.,latest
232,1627743,Demetrius Jackson,latest
233,1628402,Frank Jackson,latest
234,1628367,Josh Jackson,latest
235,1628382,Justin Jackson,latest
236,202704,Reggie Jackson,latest
237,2544,LeBron James,latest
238,1628518,Amile Jefferson,latest
239,201973,Jonas Jerebko,latest
240,1628993,Alize Johnson,latest
241,101161,Amir Johnson,latest
242,201949,James Johnson,latest
243,1626169,Stanley Johnson,latest
244,204020,Tyler Johnson,latest
245,202325,Wesley Johnson,latest
246,203999,Nikola Jokic,latest
247,1627884,Derrick Jones Jr.,latest
248,1627745,Damian Jones,latest
249,1626145,Tyus Jones,latest
250,201599,DeAndre Jordan,latest
251,202709,Cory Joseph,latest
252,1626163,Frank Kaminsky,latest
253,202683,Enes Kanter,latest
254,1628379,Luke Kennard,latest
255,203077,Michael Kidd-Gilchrist,latest
256,,George King,
257,1628467,Maxi Kleber,latest
258,202688,Brandon Knight,latest
259,,Kevin Knox,
260,1627788,Furkan Korkmaz,latest
261,1628436,Luke Kornet,latest
262,2594,Kyle Korver,latest
263,201585,Kosta Koufos,latest
264,1629066,Rodions Kurucs,latest
265,1628398,Kyle Kuzma,latest
266,1627746,Skal Labissiere,latest
267,203087,Jeremy Lamb,latest
268,203897,Zach LaVine,latest
269,1627774,Jake Layman,latest
270,1628388,TJ Leaf,latest
271,201584,Courtney Lee,latest
272,1627814,Damion Lee,latest
273,203458,Alex Len,latest
274,202695,Kawhi Leonard,latest
275,203086,Meyers Leonard,latest
276,202720,Jon Leuer,latest
277,1627747,Caris LeVert,latest
278,203081,Damian Lillard,latest
279,202391,Jeremy Lin,latest
280,2733,Shaun Livingston,latest
281,1629155,Zach Lofton,
282,1626172,Kevon Looney,latest
283,201572,Brook Lopez,latest
284,201577,Robin Lopez,latest
285,201567,Kevin Love,latest
286,200768,Kyle Lowry,latest
287,1628070,Jordan Loyd,latest
288,1627789,Timothe Luwawu-Cabarrot,latest
289,1628399,Tyler Lydon,latest
290,1626168,Trey Lyles,latest
291,202714,Shelvin Mack,latest
292,1629133,Daryl Macon,latest
293,1629122,J.P. Macura,latest
294,101133,Ian Mahinmi,latest
295,1627748,Thon Maker,latest
296,1626246,Boban Marjanovic,latest
297,1628374,Lauri Markkanen,latest
298,1626185,Jarell Martin,latest
299,1628412,Frank Mason,latest
300,1628999,Yante Maten,latest
301,202083,Wesley Matthews,latest
302,201601,Luc Mbah a Moute,latest
303,203468,CJ McCollum,latest
304,204456,T.J. McConnell,latest
305,203926,Doug McDermott,latest
306,201580,JaVale McGee,latest
307,203585,Rodney McGruder,latest
308,1628035,Alfonzo McKinnie,latest
309,203463,Ben McLemore,latest
310,203895,Jordan McRae,latest
311,201975,Jodie Meeks,latest
312,1626257,Salah Mejri,latest
313,1629001,De'Anthony Melton,latest
314,1629002,Chimezie Metu,latest
315,203114,Khris Middleton,latest
316,101139,CJ Miles,latest
317,203121,Darius Miller,latest
318,200794,Paul Millsap,latest
319,201988,Patty Mills,latest
320,1629003,Shake Milton,latest
321,202703,Nikola Mirotic,latest
322,1628378,Donovan Mitchell,latest
323,1628513,Naz Mitrou-Long,latest
324,1628370,Malik Monk,latest
325,202328,Greg Monroe,latest
326,202734,E'Twaun Moore,latest
327,1628537,Jaylen Morris,latest
328,202694,Marcus Morris,latest
329,202693,Markieff Morris,latest
330,1628420,Monte Morris,latest
331,1628405,Johnathan Motley,latest
332,202389,Timofey Mozgov,latest
333,1626144,Emmanuel Mudiay,latest
334,1627749,Dejounte Murray,latest
335,1627750,Jamal Murray,latest
336,1629058,Dzanan Musa,latest
337,203488,Mike Muscala,latest
338,1629004,Svi Mykhailiuk,latest
666460,1629065,Ky Bowman,latest
340,1626204,Larry Nance Jr.,latest
341,203894,Shabazz Napier,latest
342,2403,Nene,latest
343,203526,Raul Neto,latest
344,1627777,Georges Niang,latest
345,203457,Nerlens Noel,latest
346,1717,Dirk Nowitzki,latest
347,1628373,Frank Ntilikina,latest
348,203263,James Nunnally,latest
349,203994,Jusuf Nurkic,latest
350,1628021,David Nwaba,latest
351,1626220,Royce O'Neale,latest
352,203124,Kyle O'Quinn,latest
353,1628400,Semi Ojeleye,latest
354,1626143,Jahlil Okafor,latest
355,1629059,Elie Okobo,latest
356,1629006,Josh Okogie,latest
357,203506,Victor Oladipo,latest
358,203482,Kelly Olynyk,latest
359,1626224,Cedi Osman,latest
360,1626162,Kelly Oubre Jr.,latest
361,2585,Zaza Pachulia,latest
362,203953,Jabari Parker,latest
363,2225,Tony Parker,latest
364,202718,Chandler Parsons,latest
365,202335,Patrick Patterson,latest
366,1628383,Justin Patton,latest
367,101108,Chris Paul,latest
368,1626166,Cameron Payne,latest
369,203901,Elfrid Payton,latest
370,1629033,Theo Pinson,latest
371,203486,Mason Plumlee,latest
372,203101,Miles Plumlee,latest
373,1627751,Jakob Poeltl,latest
374,202347,Quincy Pondexter,latest
375,1629008,Michael Porter Jr.,latest
376,203490,Otto Porter Jr.,latest
377,1626171,Bobby Portis,latest
378,204001,Kristaps Porzingis,latest
379,203939,Dwight Powell,latest
380,1626181,Norman Powell,latest
381,1627816,Alex Poythress,latest
382,,Billy Preston,
383,1627752,Taurean Prince,latest
384,1627753,Zhou Qi,latest
385,1628397,Ivan Rabb,latest
386,1626184,Chasson Randle,latest
387,203944,Julius Randle,latest
388,2216,Zach Randolph,latest
389,200755,JJ Redick,latest
390,1628432,Davon Reed,latest
391,1626196,Josh Richardson,latest
392,1627781,Malachi Richardson,latest
393,203085,Austin Rivers,latest
394,203460,Andre Roberson,latest
395,203922,Glenn Robinson III,latest
396,1628421,Devin Robinson,latest
397,1629130,Duncan Robinson,latest
398,1629010,Jerome Robinson,latest
399,1629011,Mitchell Robinson,latest
400,200765,Rajon Rondo,latest
401,201565,Derrick Rose,latest
402,203082,Terrence Ross,latest
403,1626179,Terry Rozier,latest
404,201937,Ricky Rubio,latest
405,1626156,D'Angelo Russell,latest
406,1627734,Domantas Sabonis,latest
407,203967,Dario Saric,latest
408,203107,Tomas Satoransky,latest
409,203471,Dennis Schroder,latest
410,203118,Mike Scott,latest
411,200757,Thabo Sefolosha,latest
412,1627782,Wayne Selden,latest
413,1629012,Collin Sexton,latest
414,1629013,Landry Shamet,latest
415,202697,Iman Shumpert,latest
416,1627783,Pascal Siakam,latest
417,1627732,Ben Simmons,latest
418,203613,Jonathon Simmons,latest
419,1629014,Anfernee Simons,latest
420,203935,Marcus Smart,latest
421,1628372,Dennis Smith Jr.,latest
422,202397,Ish Smith,latest
423,201160,Jason Smith,latest
424,2747,JR Smith,latest
425,1629015,Zhaire Smith,latest
426,203503,Tony Snell,latest
427,1629034,Ray Spalding,latest
428,1629016,Omari Spellman,latest
429,203917,Nik Stauskas,latest
430,203474,DJ Stephens,latest
431,202362,Lance Stephenson,latest
432,1628410,Edmond Sumner,latest
433,1628403,Caleb Swanigan,latest
434,1628369,Jayson Tatum,latest
435,201952,Jeff Teague,latest
436,202066,Garrett Temple,latest
437,1628462,Milos Teodosic,latest
438,1629123,Jared Terrell,latest
439,1628464,Daniel Theis,latest
440,202738,Isaiah Thomas,latest
441,1629017,Khyri Thomas,latest
442,202498,Lance Thomas,latest
443,202691,Klay Thompson,latest
444,202684,Tristan Thompson,latest
445,1628414,Sindarius Thornwell,latest
446,201229,Anthony Tolliver,latest
447,1626157,Karl-Anthony Towns,latest
448,1629018,Gary Trent Jr.,latest
449,1629019,Allonzo Trier,latest
450,200782,PJ Tucker,latest
451,202323,Evan Turner,latest
452,1626167,Myles Turner,latest
453,202327,Ekpe Udoh,latest
454,1627755,Tyler Ulis,latest
455,202685,Jonas Valanciunas,latest
456,1627756,Denzel Valentine,latest
457,1629020,Jarred Vanderbilt,latest
458,1627832,Fred VanVleet,latest
459,203943,Noah Vonleh,latest
460,202696,Nikola Vucevic,latest
461,2548,Dwyane Wade,latest
462,1629021,Moritz Wagner,latest
463,203079,Dion Waiters,latest
464,1629022,Lonnie Walker IV,latest
666423,1629628,RJ Barrett,latest
466,1627820,Tyrone Wallace,latest
467,202322,John Wall,latest
468,202954,Brad Wanamaker,latest
469,203933,T.J. Warren,latest
470,1629139,Yuta Watanabe,latest
471,1629118,Thomas Welsh,latest
472,201566,Russell Westbrook,latest
473,1628401,Derrick White,latest
474,202355,Hassan Whiteside,latest
475,203952,Andrew Wiggins,latest
476,1629057,Robert Williams III,latest
477,1626210,Alan Williams,latest
478,203710,C.J. Williams,latest
479,1629140,Johnathan Williams,latest
480,1629026,Kenrich Williams,latest
481,101150,Lou Williams,latest
482,101107,Marvin Williams,latest
483,1627786,Troy Williams,latest
484,1628391,D.J. Wilson,latest
485,1626159,Justise Winslow,latest
486,1626174,Christian Wood,latest
487,1626153,Delon Wright,latest
488,1627824,Guerschon Yabusele,latest
489,201152,Thaddeus Young,latest
490,1629027,Trae Young,latest
491,203469,Cody Zeller,latest
492,1627790,Ante Zizic,latest
493,1627826,Ivica Zubac,latest
494,78197,Michael Smith,
495,1972,John Morton,none
496,78621,Howard Wright,none
497,76050,Michael Ansley,none
552,23,Dennis Rodman,latest
498,927,John Salley,
499,7,Dan Schayes,
500,76631,Mark Eaton,
501,134,Kevin Johnson,latest
502,76017,Danny Ainge,
503,181,Kenny Smith,
504,76247,Randy Breuer,
505,1006,Herb Williams,
506,341,Joe Wolf,
507,77134,Steve Johnson,
508,779,Glen Rice,
509,323,Greg Foster,
510,77685,Larry Nance,
511,273,Duane Ferrell,
512,98,Nick Anderson,latest
513,247,Joe Dumars,latest
514,77081,Jay Humphries,
515,76890,Darrell Griffith,
516,105,Dan Majerle,latest
517,1472,Tom Chambers,
518,76001,Alaa Abdelnaby,
519,154,Adrian Caldwell,
520,137,Vernon Maxwell,
521,28,Doug West,
522,76338,Tony Campbell,
523,78293,Roy Tarpley,
524,76433,Anthony Cook,
525,77387,Todd Lichti,
526,78347,Tom Tolbert,
527,1631,Billy Thompson,
528,77096,Byron Irvin,
529,899,Mark Price,
530,1122,Dominique Wilkins,
531,192,Dennis Scott,
532,767,Terry Catledge,
533,100263,Bill Laimbeer,
534,76138,William Bedford,
535,894,Ricky Pierce,
536,898,Blue Edwards,
537,77794,Walter Palmer,
538,770,Mark West,
539,361,Clifford Robinson,
540,165,Hakeem Olajuwon,
541,76410,Richard Coffey,
542,76583,James Donaldson,
543,77335,Jerome Lane,
544,36,Sarunas Marciulionis,
545,3,Grant Long,
546,416,Willie Burton,
547,76019,Mark Alarie,
548,76152,Winston Bennett,
549,470,Doc Rivers,
550,77516,Tim McCormick,
551,101,Scott Skiles,
553,246,Greg Anderson,
554,117,Jeff Malone,
555,76,Cedric Ceballos,
556,897,Tim Perry,
557,433,Buck Williams,
558,77114,Dave Jamerson,
559,418,Scott Brooks,
560,76176,Rolando Blackman,
561,422,Avery Johnson,latest
562,77019,Rod Higgins,
563,78279,Jon Sundvold,
564,76672,A.J. English,
565,174,John Battle,
566,78417,Sam Vincent,
567,78318,Isiah Thomas,
568,38,Brad Lohaus,
569,1479,Mike Brown,
570,76123,Kenny Battle,
571,78633,Danny Young,
572,78195,Larry Smith,
573,71,Pooh Richardson,
574,157,Derek Harper,
575,149,Michael Adams,
576,896,Tim Hardaway,
577,902,Bimbo Coles,
578,78437,Darrell Walker,
579,788,Kevin Willis,
580,78198,Otis Smith,
581,229,James Edwards,
582,783,Frank Brickowski,
583,252,Karl Malone,latest
584,1100,Ian Lockhart,
585,404,Kevin Duckworth,
586,901,Otis Thorpe,latest
587,76821,Gerald Glass,
588,76673,Alex English,
589,76618,T.R. Dunn,
590,175,Alton Lister,
591,428,Sherman Douglas,latest
592,279,Charles Jones,
593,77449,Moses Malone,latest
594,76009,Mark Acres,
595,76183,Lance Blanks,
596,81,Jeff Grayer,
597,77664,Chris Munk,
598,204,Jeff Hornacek,latest
599,760,Jerome Kersey,
600,76703,Dave Feitl,
601,77674,Tod Murphy,
602,77376,Lafayette Lever,
603,76770,Corey Gaines,
604,782,Mitch Richmond,latest
605,236,Kevin Edwards,
606,906,Haywoode Workman,
607,67,Tom Hammonds,
608,716,Rumeal Robinson,
609,1123,Greg Kite,
610,77167,Vinnie Johnson,
611,78149,Jack Sikma,
612,78035,Delaney Rudd,
613,77697,Ed Nealy,
614,76441,Wayne Cooper,
615,76726,Sleepy Floyd,
616,280,Felton Spencer,
617,895,Tyrone Corbin,
618,77386,Marcus Liberty,
619,1453,Walter Davis,
620,238,Tyrone Hill,
621,77251,Alec Kessler,
622,426,Terry Davis,
623,1683,Larry Robinson,
624,77626,Sidney Moncrief,
625,78381,Jeff Turner,
626,76968,Scott Hastings,
627,926,Alvin Robertson,
628,1667,Steve Henson,
629,342,Andy Toolson,
630,1847,Thurl Bailey,
631,77905,Kurt Rambis,
632,17,Clyde Drexler,latest
633,116,David Wood,
634,417,Sam Mitchell,
635,1622,Rodney McCray,
636,78656,Blair Rasmussen,
637,340,Kevin Pritchard,
638,78429,Milt Wagner,
639,77264,Bernard King,
640,77030,Roy Hinson,
641,672,Matt Bullard,latest
642,1628,Alan Ogg,
643,77426,Kevin Lynch,
644,1474,Larry Krystkowiak,
645,432,Pete Chilcutt,
646,753,Randy Brown,
647,386,Elliot Perry,
648,1429,Jimmy Oliver,
649,210,Terrell Brandon,latest
650,357,Greg Sutton,
651,76446,Tom Copa,
652,1106,Donald Hodge,
653,78416,Joao Vianna,
654,77098,Mike Iuzzolino,
655,21,Greg Anthony,
656,77263,Albert King,
657,76748,Tellis Frank,
658,128,David Benoit,
659,76332,Demetrius Calip,
660,87,Dikembe Mutombo,latest
661,1855,Mark Macon,
662,423,Chris Gatling,
663,2349,Victor Alexander,
664,1821,Mark Randall,
665,78523,Mitchell Wiggins,
666,77493,Tharon Mayes,
667,78316,Charles Thomas,
668,123,Robert Pack,
669,76082,John Bagley,
670,296,Rick Fox,
671,913,Larry Johnson,
672,78421,Alexander Volkov,
673,278,Stacey Augmon,
674,1063,Carl Thomas,
675,,Steven Smith,
676,914,Stanley Roberts,
677,77358,Doug Lee,
678,912,Rafael Addison,
679,76875,Sean Green,
680,76482,Corey Crowder,
681,785,Eric Murdock,
682,76265,Kevin Brooks,
683,77545,Carlton McKinney,
684,182,Billy Owens,
685,475,Doug Smith,
686,55,Marty Conlon,
687,1101,Rich King,
688,78110,Brad Sellers,
689,77628,Rodney Monroe,
690,76448,Lanard Copeland,
691,1034,LeRon Ellis,
692,1125,Larry Stewart,
693,1819,John Turner,
694,1593,Charles Shackleford,
695,77785,Keith Owens,
696,76842,Paul Graham,
697,72,Kenny Anderson,
698,61,Carl Herrera,
699,76277,Myron Brown,
700,905,Dale Davis,latest
701,78194,Labradford Smith,
702,183,Bison Dele,latest
703,77707,Chuck Nevitt,
704,76635,Patrick Eddie,
705,77970,David Rivers,
706,26,Luc Longley,
707,737,Bob McCann,
708,140,Donald Royal,
709,194,Anthony Bowie,
710,76450,Chris Corchiani,
711,78333,Stephen Thompson,
712,78041,Jeff Ruland,
713,97,Ronnie Grandison,
714,78273,Lamont Strothers,
715,929,Tracy Moore,
716,1114,Jaren Jackson,
717,941,Ennis Whatley,
718,77065,Brian Howard,
719,76316,Steve Burtt,
720,77083,Cedric Hunter,
721,76097,Stephen Bardo,
722,77986,Cliff T. Robinson,
723,400,Derek Strong,
724,184,Bobby Phills,
725,138,Anthony Avent,
726,195,Lee Mayberry,
727,103,Todd Day,
728,76148,Tony Bennett,
729,85,Brent Price,
730,931,Don MacLean,
731,339,Tom Gugliotta,
732,1005,Walt Williams,latest
733,1380,Lloyd Daniels,
734,219,Vinny Del Negro,latest
735,406,Shaquille O'Neal,latest
736,228,Adam Keefe,
737,221,Clar. Weatherspoon,
738,109,Robert Horry,
739,1814,Chris Smith,
740,363,Christian Laettner,
741,78415,Gundars Vetra,
742,101258,Corey Williams,
743,771,Elmore Spencer,
744,324,Anthony Peeler,latest
745,1030,Duane Cooper,
746,180,John Crotty,
747,1128,Stephen Howard,
748,780,Byron Houston,
749,24,Keith Jennings,
750,84,Latrell Sprewell,
751,179,Bryant Stith,
752,111,LaPhonso Ellis,
753,77777,Matt Othick,
754,694,Sam Mack,
755,77890,Anthony Pullard,
756,907,Malik Sealy,
757,93,Hubert Davis,latest
758,399,Sean Rooks,
759,1603,Walter Bond,
760,114,Harold Miner,
761,932,Oliver Miller,
762,31,Lorenzo Williams,
763,77138,Dave Johnson,
764,78201,Reggie Smith,
765,145,Tracy Murray,
766,438,Robert Werdann,
767,78261,Alex Stivrins,
768,77146,Frank Johnson,
769,1010,Randy Woods,
770,1036,Litterial Green,
771,297,Alonzo Mourning,latest
772,76180,Alex Blackwell,
773,77647,Isaiah Morris,
774,77,Doug Overton,
775,944,Eric Anderson,
776,1118,Tim Kempton,
777,77261,Stan Kimbrough,
778,76904,Jay Guidinger,
779,77865,Gary Plummer,
780,761,Matt Geiger,
781,78478,Marcus Webb,
782,76676,Jojo English,
783,77486,Marlon Maxey,
784,468,Jon Barry,latest
785,30,Richard Dumas,
786,76488,Radisav Curcic,
787,78227,Andre Spencer,
788,76337,Dexter Cambridge,
789,1432,Joe Courtney,
790,78464,Duane Washington,
791,1116,Melvin Newbern,
792,76184,Ricky Blanton,
793,754,Jim Jackson,latest
794,78251,Barry Stevens,
795,57,Doug Christie,latest
796,1090,Pat Durham,
797,77208,Thomas Jordan,
798,76022,Gary Alexander,
799,358,Anfernee Hardaway,latest
800,700,Keith Tower,
801,43,Chris Whitney,
802,76852,Josh Grant,
803,310,Bobby Hurley,
804,46,Mike Peplowski,
805,1577,Darnell Mee,
806,915,Rodney Rogers,latest
807,768,Acie Earl,
808,129,Dino Radja,
809,168,Chris Mills,
810,452,Vin Baker,
811,176,Antonio Harvey,
812,89,Nick Van Exel,latest
813,143,Terry Dehere,
814,381,James Robinson,
815,916,Corie Blount,
816,389,Toni Kukoc,latest
817,688,Michael Curry,latest
818,762,Shawn Bradley,latest
819,77254,Warren Kidd,
820,384,Calbert Cheaney,
821,348,Mitchell Butler,
822,77057,Tito Horford,
823,935,Bryon Russell,
824,1007,Luther Wright,
825,77644,Darren Morningstar,
826,469,Jamal Mashburn,
827,446,Lucious Harris,
828,461,Popeye Jones,
829,35,Eric Riley,
830,208,Sam Cassell,latest
831,136,P.J. Brown,latest
832,777,Rex Walters,
833,213,Antonio Davis,
834,275,Allan Houston,latest
835,283,Lindsey Hunter,
836,76517,Brian Davis,
837,375,Isaiah Rider,
838,78492,Matt Wenstrom,
839,321,Scott Haskin,
840,1666,Gerald Madkins,
841,37,Greg Graham,
842,911,Ervin Johnson,
843,248,George Lynch,latest
844,77478,Bob Martin,
845,76839,Ricky Grace,
846,78352,Sedric Toney,
847,185,Chris Webber,latest
848,49,Gheorghe Muresan,
849,77846,Richard Petruska,
850,78329,Kevin Thompson,
851,1817,Adonis Jordan,
852,197,Scott Burrell,
853,725,Dell Demps,
854,76308,Evers Burns,
855,1425,Aaron Williams,
856,77109,Stanley Jackson,
857,133,David Wesley,latest
858,12,Chris King,
859,346,Doug Edwards,
860,1677,Harold Ellis,
861,1635,Malcolm Mackey,
862,76412,Ben Coleman,
863,77460,Roy Marble,
864,674,Reggie Jordan,
865,76772,Chad Gallagher,
866,448,Bo Outlaw,latest
867,76646,Bill Edwards,
868,1845,Andrew Gaze,
869,76732,Alphonso Ford,
870,76903,Andres Guibert,
871,77003,Skeeter Henry,
872,1137,Chris Jent,
873,903,Geert Hammink,
874,147,Jalen Rose,latest
875,1073,Reggie Slater,
876,77174,Askia Jones,
877,923,Donyell Marshall,
878,458,Howard Eisley,
879,255,Grant Hill,latest
880,292,Anthony Miller,
881,224,Eddie Jones,latest
882,54,Dickey Simpkins,
883,15,Eric Piatkowski,latest
884,441,Lamond Murray,
885,900,Matt Fish,
886,243,Aaron McKie,
887,376,Eric Montross,
888,1844,Fred Vinson,
889,77064,Tom Hovasse,
890,320,Jamie Watson,
891,234,Khalid Reeves,
892,258,Brian Grant,latest
893,78379,Henry Turner,
894,63,Michael Smith,
895,226,Antonio Lang,
896,445,Wesley Person,latest
897,189,B.J. Tyler,
898,308,Derrick Alston,
899,412,Sharone Wright,
900,211,Eric Mobley,
901,241,Darrin Hancock,
902,223,Bill Curley,
903,141,Anthony Tucker,
904,160,Tim Breaux,
905,440,Zan Tabak,
906,240,Brooks Thompson,
907,299,Glenn Robinson,
908,467,Jason Kidd,
909,434,Tony Dumas,
910,42,Monty Williams,
911,435,Carlos Rogers,
912,76128,Sergei Bazarevich,
913,1022,Julius Nwosu,
914,460,Trevor Ruffin,
915,212,Yinka Dare,
916,65,Greg Minor,
917,32,Clifford Rozier,
918,369,Charlie Ward,
919,112,Dontonio Wingfield,
920,78286,Aaron Swinson,
921,29,Jim McIlvaine,
922,436,Juwan Howard,
923,1806,James Blackwell,
924,1096,Ivano Newbill,
925,132,Dwayne Morton,
926,164,Chris Childs,latest
927,943,Ryan Lorthridge,
928,1120,Elmer Bennett,
929,239,Darrick Martin,
930,76952,Jerome Harmon,
931,1110,Mark Strickland,
932,695,Eldridge Recasner,latest
933,353,Darrell Armstrong,latest
934,74,Derrick Phelps,
935,685,Cherokee Parks,
936,684,Loren Meyer,
937,1127,Charles Claxton,
938,677,Eric Williams,
939,675,Junior Burrough,
940,699,Brent Barry,latest
941,713,Chris Carr,
942,714,Michael Finley,
943,731,Greg Ostertag,latest
944,727,Eric Snow,
945,726,Sherell Ford,
946,711,Jerry Stackhouse,
947,1067,Jeff Webster,
948,739,Rasheed Wallace,latest
949,717,Arvydas Sabonis,
950,718,Gary Trent,
951,719,Randolph Childress,
952,735,Bryant Reeves,
953,734,Lawrence Moten,
954,679,Jason Caffey,
955,678,George Zidek,
956,76987,Alvin Heggs,
957,693,Joe Smith,latest
958,673,Alan Henderson,
959,696,Travis Best,latest
960,757,Damon Stoudamire,latest
961,728,Jimmy King,
962,709,Ed O'Bannon,
963,691,Lou Roe,
964,689,Theo Ratliff,latest
965,686,Antonio McDyess,latest
966,682,Bob Sura,latest
967,681,Donny Marshall,
968,680,John Amaechi,
969,721,Tyus Edney,
970,706,Jerome Allen,
971,708,Kevin Garnett,latest
972,,Mark Davis,
973,66,Marques Bragg,
974,704,Shawn Respert,
975,697,Fred Hoiberg,latest
976,701,Frankie King,
977,690,Don Reid,
978,703,Kurt Thomas,
979,390,Sasha Danilovic,
980,720,Terrence Rencher,
981,724,Cory Alexander,
982,77690,Howard Nathan,
983,942,Todd Mundt,
984,710,David Vaughn,
985,78403,Log Vander Velden,
986,732,Ashraf Amaya,
987,474,Stefano Rusconi,
988,1132,Larry Sykes,
989,76683,Vincenzo Esposito,
990,722,Corliss Williamson,latest
991,687,Rastko Cvetkovic,
992,1133,Corey Beck,
993,702,Voshon Lenard,latest
994,924,Anthony Goldwire,
995,692,Andrew DeClercq,
996,316,Richard Manning,
997,723,Clint McDaniel,
998,729,Martin Lewis,
999,730,Dwayne Whitfield,
1000,712,Mario Bennett,
1001,511,Melvin Booker,
1002,683,Darryl Johnson,
1003,715,John Coker,
1004,671,Donnie Boyce,
1005,676,Thomas Hamilton,
1006,928,Robert Churchwell,
1007,733,Cuonzo Martin,
1008,736,Cedric Lewis,
1009,952,Antoine Walker,latest
1010,1136,Brett Szabo,
1011,1064,Brent Scott,
1012,956,Erick Dampier,latest
1013,966,Jerome Williams,
1014,961,John Wallace,
1015,962,Walter McCarty,
1016,948,Marcus Camby,latest
1017,1126,Donald Whiteside,
1018,949,Shareef Abdur-Rahim,latest
1019,964,Roy Rogers,
1020,1112,Ben Wallace,latest
1021,1002,Reggie Geary,
1022,958,Vitaly Potapenko,
1023,709,Ed O'Bannon,
1024,954,Kerry Kittles,latest
1025,1065,Erick Strickland,
1026,1032,Darvin Ham,
1027,950,Stephon Marbury,latest
1028,1049,Shane Heal,
1029,1051,Dean Garrett,
1030,968,Priest Lauderdale,
1031,1134,Ike Austin,
1032,919,Loy Vaught,
1033,953,Lorenzen Wright,latest
1034,957,Todd Fuller,
1035,1077,Ray Owes,
1036,951,Ray Allen,
1037,947,Allen Iverson,latest
1038,1361,Mark Bradtke,
1039,959,Steve Nash,
1040,989,Ben Davis,
1041,965,Derek Fisher,
1042,969,Travis Knight,
1043,977,Kobe Bryant,latest
1044,1074,Matt Maloney,
1045,970,Othella Harrington,
1046,988,Randy Livingston,
1047,1023,Emanual Davis,
1048,1000,Shandon Anderson,
1049,990,Malik Rose,
1050,960,Tony Delk,
1051,976,Jeff McInnis,
1052,963,Dontae' Jones,
1053,1041,Nate Driggers,
1054,955,Samaki Walker,latest
1055,1043,Amal McCaskill,
1056,1109,James Scott,
1057,971,Mark Hendrickson,
1058,1059,Aleksandar Djordjevic,
1059,979,Jermaine O'Neal,
1060,997,Chris Robinson,
1061,1089,Kevin Salvadori,
1062,1026,Evric Gray,
1063,983,Moochie Norris,
1064,1070,Devin Gray,
1065,982,Martin Muursepp,
1066,1093,Gaylon Nickerson,
1067,992,Marcus Brown,
1068,438,Robert Werdann,
1069,1129,Ruben Nembhard,
1070,994,Jamie Feick,
1071,987,Jason Sasser,
1072,1108,Tony Farmer,
1073,1035,Shawnelle Scott,
1074,967,Brian Evans,
1075,984,Steve Hamer,
1076,1121,Dexter Boney,
1077,1138,Michael Hawkins,
1078,1086,Joe Stephens,
1079,1024,Horacio Llamas,
1080,1131,Jimmy Carruth,
1081,1477,Bruce Bowen,latest
1082,1478,Stevin Smith,
1083,1099,Matt Steigenga,
1084,1563,Kevin Ollie,
1085,1528,Bubba Wells,
1086,1498,Antonio Daniels,latest
1087,1503,Tracy McGrady,latest
1088,1612,Chris Garner,
1089,1495,Tim Duncan,latest
1090,1499,Tony Battie,
1091,1517,Bobby Jackson,
1092,1504,Danny Fortson,latest
1093,1540,Eric Washington,
1094,1564,Etdrick Bohannon,
1095,998,Mark Pope,
1096,1500,Ron Mercer,
1097,1497,Chauncey Billups,
1098,1519,John Thomas,
1099,1509,Kelvin Cato,
1100,1541,Alvin Williams,
1101,1508,Maurice Taylor,
1102,1569,Keith Closs,
1103,1502,Adonal Foyle,latest
1104,1545,DeJuan Wheat,
1105,1516,Ed Gray,
1106,1544,Chris Crawford,
1107,980,Zydrunas Ilgauskas,latest
1108,1507,Derek Anderson,latest
1109,1510,Brevin Knight,latest
1110,1538,Cedric Henderson,
1111,1518,Rodrick Rhodes,
1112,1521,Jacque Vaughn,
1113,1607,Troy Hudson,latest
1114,1532,Jerald Honeycutt,
1115,999,Jeff Nordgaard,
1116,1501,Tim Thomas,latest
1117,1539,God Shammgod,
1118,1513,Scot Pollard,
1119,1496,Keith Van Horn,latest
1120,1565,Michael Stewart,
1121,1533,Anthony Johnson,
1122,1575,Derek Grimm,
1123,1444,Lawrence Funderburke,
1124,1512,Chris Anstey,
1125,1594,Rick Brunson,
1126,1576,Travis Williams,
1127,1505,Tariq Abdul-Wahad,
1128,,Charles Smith,
1129,1522,Keith Booth,
1130,1055,Ed Stokes,
1131,1525,Charles O'Bannon,
1132,1506,Austin Croshere,
1133,1601,Rusty LaRue,
1134,1619,Kiwane Garris,
1135,1527,Marko Milic,
1136,1511,Johnny Taylor,
1137,1526,James Cotton,
1138,1530,James Collins,
1139,1515,Anthony Parker,latest
1140,1535,Jason Lawson,
1141,1529,Kebu Stewart,
1142,1820,Kelly McCarty,
1143,1003,Drew Barry,
1144,1075,Michael McDonald,
1145,1585,Brandon Williams,
1146,1061,William Cunningham,
1147,1578,Shea Seals,
1148,1682,Reggie Hanson,
1149,1740,Rashard Lewis,
1150,1741,Jelani McCoy,
1151,1735,Vladimir Stepania,
1152,1716,Larry Hughes,
1153,1745,Casey Shaw,
1154,1737,Nazr Mohammed,latest
1155,1729,Ricky Davis,
1156,1802,Brad Miller,latest
1157,1630,Mikki Moore,latest
1158,1720,Michael Doleac,
1159,1723,Matt Harpring,
1160,1750,Miles Simon,
1161,1715,Jason Williams,latest
1162,978,Peja Stojakovic,latest
1163,1744,Jerome James,
1164,1824,Peter Aluma,
1165,1562,Gerard King,
1166,1858,Mark Baker,
1167,1752,Sean Marks,
1168,1718,Paul Pierce,latest
1169,1831,Marlon Garnett,
1170,1751,Jahidi White,
1171,1872,Randell Jackson,
1172,1733,Al Harrington,
1173,1742,Shammond Williams,latest
1174,1852,Jeff Sheppard,
1175,1728,Roshown McLeod,
1176,1727,Pat Garrity,latest
1177,1871,Gerald Brown,
1178,1753,Toby Bailey,
1179,1709,Michael Olowokandi,
1180,1838,Tyrone Nesby,
1181,1722,Michael Dickerson,latest
1182,1724,Bryce Drew,
1183,715,John Coker,
1184,1749,Cuttino Mobley,latest
1185,1739,Ruben Patterson,latest
1186,1734,Sam Jacobson,
1187,1731,Tyronn Lue,latest
1188,1600,Kornel David,
1189,1757,Cory Carr,
1190,1736,Corey Benjamin,
1191,1514,Paul Grant,
1192,1754,Andrae Patterson,
1193,1711,Raef LaFrentz,latest
1194,1721,Keon Clark,latest
1195,1755,Tyson Wheeler,
1196,1714,Robert Traylor,
1197,1863,Earl Boykins,latest
1198,1712,Antawn Jamison,
1199,1710,Mike Bibby,latest
1200,1732,Felipe Lopez,
1201,1764,J.R. Henderson,
1202,1719,Bonzi Wells,latest
1203,1800,Damon Jones,
1204,1869,Charles R. Jones,
1205,1756,Ryan Stack,
1206,1730,Brian Skinner,
1207,1801,Jonathan Kerner,
1208,1748,Korleone Young,
1209,1868,Trevor Winter,
1210,1743,Bruno Sundov,
1211,1726,Mirsad Turkcan,
1212,1591,Alvin Sims,
1213,1725,Rasho Nesterovic,latest
1214,1928,Todd MacCulloch,
1215,1908,Jumaine Jones,
1216,1885,Lamar Odom,
1217,1918,Obinna Ekezie,
1218,1960,Milt Palacio,
1219,1904,Devean George,
1220,1900,Quincy Lewis,
1221,1909,Scott Padgett,
1222,1889,Andre Miller,latest
1223,1892,Trajan Langdon,
1224,1853,Anthony Carter,
1225,1934,Rodney Buford,
1226,1890,Shawn Marion,
1227,1899,James Posey,latest
1228,1763,Ryan Bowen,
1229,1559,Adrian Griffin,
1230,1943,Wayne Turner,
1231,1893,Aleksandar Radojevic,
1232,1883,Steve Francis,latest
1233,1903,Kenny Thomas,latest
1234,1907,Vonteego Cummings,
1235,1894,Corey Maggette,
1236,1088,Chucky Atkins,
1237,1884,Baron Davis,latest
1238,1954,Jason Miskiri,
1239,1944,Eddie Robinson,
1240,1967,Derek Hood,
1241,1902,Jeff Foster,
1242,1891,Jason Terry,latest
1243,1898,Cal Bowdler,
1244,1901,Dion Glover,
1245,1888,Richard Hamilton,
1246,1919,Laron Profit,
1247,1882,Elton Brand,latest
1248,1913,Michael Ruffin,
1249,1897,Metta World Peace,latest
1250,2000,Dedric Willoughby,
1251,1887,Wally Szczerbiak,latest
1252,1895,William Avery,
1253,1965,Rick Hughes,
1254,1910,Leon Smith,
1255,1953,Lazaro Borrell,
1256,1983,Jermaine Jackson,
1257,1914,Chris Herren,
1258,1911,John Celestand,
1259,1930,Lari Ketner,
1260,1937,Tim Young,
1261,1746,DeMarco Johnson,
1262,1920,A.J. Bramlett,
1263,1942,Harold Jamison,
1264,1886,Jonathan Bender,
1265,1975,Jamel Thomas,
1266,1915,Evan Eschmeyer,
1267,1761,Greg Buckner,
1268,1906,Tim James,
1269,1747,Rafer Alston,latest
1270,1085,Ira Bowman,
1271,1760,Derrick Dial,
1272,1916,Calvin Booth,
1273,1766,Maceo Baston,
1274,2048,Jamaal Magloire,
1275,2069,Hanno Mottola,
1276,2035,DerMarr Johnson,
1277,2143,Pepe Sanchez,
1278,2068,Lavor Postell,
1279,2036,Chris Mihm,
1280,1536,Stephen Jackson,
1281,2030,Kenyon Martin,latest
1282,2066,Soumaila Samake,
1283,2046,Desmond Mason,
1284,2106,Ruben Wolkowyski,
1285,2031,Stromile Swift,
1286,2038,Joel Przybilla,
1287,2072,Michael Redd,
1288,2059,Eduardo Najera,
1289,2042,Courtney Alexander,
1290,2045,Hedo Turkoglu,latest
1291,2064,Khalid El-Amin,
1292,2033,Marcus Fizer,
1293,2062,A.J. Guyton,
1294,1434,Dragan Tarlac,
1295,2032,Darius Miles,latest
1296,2039,Keyon Dooling,
1297,2047,Quentin Richardson,
1298,2052,DeShawn Stevenson,
1299,2034,Mike Miller,latest
1300,2058,Mark Madsen,
1301,2057,Erick Barkley,
1302,2043,Mateen Cleaves,
1303,2050,Morris Peterson,
1304,2044,Jason Collier,
1305,2091,Daniel Santiago,
1306,2101,Paul McPherson,
1307,2092,Ruben Garces,
1308,2054,Jake Tsakalidis,
1309,1531,Marc Jackson,latest
1310,2084,Chris Porter,
1311,1554,Jamal Robinson,
1312,2067,Eddie House,
1313,2040,Jerome Moiso,
1314,1548,Mark Blount,latest
1315,2061,Dan Langhi,
1316,2123,Garth Joseph,
1317,2063,Jake Voskuhl,
1318,2130,Mike Penberthy,
1319,1924,Lee Nailon,
1320,1985,Zendon Hamilton,
1321,2121,Terrance Roberson,
1322,2053,Dalibor Bagaric,
1323,1956,Ira Newble,
1324,2051,Donnell Harvey,
1325,2073,Brian Cardinal,
1326,2098,Slava Medvedenko,
1327,2071,Olumide Oyedeji,
1328,1950,Andy Panko,
1329,2074,Jabari Smith,
1330,2055,Mamadou N'diaye,
1331,2173,Sean Colson,
1332,1609,Art Long,
1333,2065,Mike Smith,
1334,2128,David Vanterpool,
1335,1864,Steve Goodrich,
1336,2109,Eddie Gill,
1337,1917,Wang Zhi-zhi,
1338,2082,Dan McClintock,
1339,1952,Raja Bell,
1340,2078,Jason Hart,
1341,2209,Vladimir Radmanovic,
1342,2248,Earl Watson,
1343,2222,Gerald Wallace,
1344,2224,Jamaal Tinsley,latest
1345,2056,Primoz Brezec,
1346,2210,Richard Jefferson,latest
1347,2220,Brandon Armstrong,
1348,2215,Jason Collins,
1349,2306,Carlos Arroyo,
1350,2214,Michael Bradley,
1351,2212,Steven Hunter,
1352,1905,Andrei Kirilenko,
1353,2228,Alton Ford,
1354,2294,Charlie Bell,
1355,2049,Speedy Claxton,
1356,2245,Damone Brown,
1357,2254,Loren Woods,
1358,2204,Eddie Griffin,
1359,2351,Oscar Torres,
1360,2357,Tierre Brown,
1361,2242,Terence Morris,
1362,1442,Zeljko Rebraca,
1363,2206,Rodney White,
1364,2207,Joe Johnson,latest
1365,2218,Joseph Forte,
1366,2208,Kedrick Brown,
1367,2205,DeSagana Diop,
1368,2198,Kwame Brown,
1369,2250,Bobby Simmons,latest
1370,2041,Etan Thomas,
1371,2257,Ruben Boumtje-Boumtje,
1372,2202,Jason Richardson,
1373,2211,Troy Murphy,latest
1374,2240,Gilbert Arenas,latest
1375,2239,Trenton Hassell,
1376,2201,Eddy Curry,latest
1377,2347,Tang Hamilton,
1378,2203,Shane Battier,
1379,2226,Will Solomon,
1380,2238,Antonis Fotsis,
1381,2264,Alvin Jones,
1382,2244,Jeff Trepagnier,
1383,2343,Joe Crispin,
1384,2081,Ernest Brown,
1385,2260,Jarron Collins,
1386,2249,Jamison Brewer,
1387,2124,Malik Allen,
1388,1542,Predrag Drobnjak,
1389,2365,Chris Andersen,latest
1390,2261,Kenny Satterfield,
1391,2217,Brendan Haywood,
1392,2213,Kirk Haston,
1393,2223,Samuel Dalembert,latest
1394,2229,Mike James,
1395,2230,Maurice Evans,
1396,2219,Jeryl Sasser,
1397,2352,Dean Oliver,
1398,2369,Norman Richardson,
1399,2243,Brian Scalabrine,
1400,2237,Ratko Varda,
1401,1762,Tremaine Fowlkes,
1402,2370,Mengke Bateer,
1403,1829,Ike Fontaine,
1404,1738,Ansu Sesay,
1405,2241,Omar Cook,
1406,2422,John Salmons,latest
1407,981,Efthimios Rentzias,
1408,2469,Pat Burke,
1409,2415,Ryan Humphrey,
1410,2430,Carlos Boozer,
1411,2470,Smush Parker,latest
1412,1938,Manu Ginobili,latest
1413,2457,Jannero Pargo,
1414,2416,Kareem Rush,
1415,2421,Frank Williams,
1416,2419,Tayshaun Prince,latest
1417,2246,Mehmet Okur,
1418,2407,Jared Jeffries,
1419,2413,Juan Dixon,
1420,1572,Nate Huffman,
1421,2423,Chris Jefferies,
1422,2404,Chris Wilcox,
1423,2060,Marko Jaric,
1424,2417,Qyntel Woods,
1425,2398,Jay Williams,
1426,2437,Lonny Baxter,
1427,2452,J.R. Bremer,
1428,2412,Jiri Welsch,latest
1429,2399,Mike Dunleavy,latest
1430,2401,Nikoloz Tskitishvili,latest
1431,2454,Junior Harrington,
1432,2080,Igor Rakocevic,
1433,2405,Amar'e Stoudemire,latest
1434,2418,Casey Jacobsen,
1435,2501,Reggie Evans,
1436,2429,Dan Gadzuric,
1437,2409,Marcus Haislip,
1438,2436,Flip Murray,
1439,2406,Caron Butler,latest
1440,2446,Rasual Butler,latest
1441,2400,Drew Gooden,latest
1442,1921,Gordan Giricek,latest
1443,2471,Mike Batiste,
1444,1038,Juaquin Hawkins,
1445,2397,Yao Ming,latest
1446,2411,Bostjan Nachbar,latest
1447,2410,Fred Jones,latest
1448,2424,Dan Dickau,
1449,2447,Tamar Slay,
1450,2462,Guy Rucker,
1451,2484,Devin Brown,
1452,2425,Robert Archibald,
1453,2492,Adam Harrington,
1454,2256,Ken Johnson,
1455,2456,Cezary Trybanski,
1456,2402,Dajuan Wagner,
1457,2453,Predrag Savovic,
1458,2432,Tito Maddox,
1459,2408,Melvin Ely,
1460,2253,Sean Lampley,
1461,2428,Vincent Yarbrough,
1462,2366,Mike Wilks,
1463,2321,Paul Shirley,
1464,2541,Antoine Rigaudeau,
1465,2441,Jamal Sampson,
1466,2427,Roger Mason Jr.,latest
1467,2442,Chris Owens,
1468,2551,T.J. Ford,latest
1469,2565,Zoran Planinic,
1470,2572,Josh Howard,latest
1471,2605,Marquis Daniels,latest
1472,2575,Luke Walton,
1473,2602,Jerome Beasley,
1474,2584,Willie Green,
1475,2560,Zarko Cabarkapa,
1476,2571,Leandro Barbosa,latest
1477,2693,Keith McLeod,
1478,2569,Ndudi Ebi,
1479,2564,Boris Diaw,latest
1480,2580,Travis Hansen,
1481,2561,David West,latest
1482,2547,Chris Bosh,latest
1483,1052,Ben Handlogten,
1484,2562,Sasha Pavlovic,
1485,2221,Raul Lopez,
1486,2590,Mo Williams,latest
1487,2574,Jason Kapono,latest
1488,2443,Darius Songaila,
1489,2554,Mickael Pietrus,
1490,2639,Britton Johnsen,
1491,2558,Reece Gaines,
1492,2552,Michael Sweetney,
1493,2556,Marcus Banks,
1494,1922,Francisco Elson,
1495,2545,Darko Milicic,
1496,2553,Jarvis Hayes,
1497,2581,Steve Blake,latest
1498,1765,Torraye Braggs,
1499,2549,Chris Kaman,latest
1500,2557,Luke Ridnour,
1501,2499,Richie Frahm,
1502,2559,Troy Bell,
1503,2632,Kirk Penney,
1504,2679,Matt Carroll,
1505,2550,Kirk Hinrich,latest
1506,2669,Linton Johnson,
1507,2586,Keith Bogans,
1508,2682,Alex Garcia,
1509,2573,Maciej Lampe,
1510,2604,Theron Smith,
1511,2414,Curtis Borchardt,
1512,2566,Travis Outlaw,
1513,2570,Kendrick Perkins,latest
1514,2563,Dahntay Jones,latest
1515,2079,Kaniel Dickens,
1516,2567,Brian Cook,
1517,2592,James Jones,latest
1518,2599,Brandon Hunter,
1519,2582,Slavko Vranes,
1520,2648,Ronald Dupree,
1521,2137,Ime Udoka,
1522,2440,Matt Barnes,latest
1523,2466,Maurice Carter,
1524,2667,Desmond Penigar,
1525,2673,Hiram Fuller,
1526,2668,Josh Davis,
1527,2724,Desmond Ferguson,
1528,2756,Sasha Vujacic,latest
1529,2568,Carlos Delfino,
1530,2755,Kevin Martin,latest
1531,2845,Erik Daniels,
1532,2788,DJ Mbenga,
1533,2749,Jameer Nelson,latest
1534,2745,Kirk Snyder,
1535,2743,Kris Humphries,latest
1536,2555,Nick Collison,latest
1537,2741,Robert Swift,
1538,2863,Damien Wilkins,latest
1539,2763,Lionel Chalmers,
1540,2624,Quinton Ross,
1541,2746,Josh Smith,latest
1542,2735,Josh Childress,latest
1543,2767,Royal Ivey,
1544,2761,Jackson Vroman,
1545,2657,Yuta Tabuse,
1546,2762,Peter John Ramos,
1547,2742,Sebastian Telfair,
1548,2740,Andris Biedrins,
1549,2737,Rafael Araujo,
1550,2588,Matt Bonner,latest
1551,2757,Beno Udrih,latest
1552,2754,Tony Allen,latest
1553,2744,Al Jefferson,latest
1554,2758,David Harrison,
1555,2823,John Edwards,
1556,2739,Luke Jackson,
1557,2760,Anderson Varejao,latest
1558,2420,Nenad Krstic,latest
1559,2731,Emeka Okafor,latest
1560,2774,Bernard Robinson,
1561,2804,Andres Nocioni,latest
1562,2732,Ben Gordon,latest
1563,2876,Jared Reiner,
1564,2768,Chris Duhon,
1565,2435,Mario Kasun,
1566,2776,Pape Sow,
1567,2367,Geno Carlisle,
1568,2852,Awvee Storey,
1569,,Tim Pickett,
1570,2782,Matt Freije,
1571,2857,Andre Barrett,
1572,2770,Justin Reed,
1573,2764,Donta Smith,
1574,2753,Delonte West,
1575,2798,Horace Jenkins,
1576,2451,Corsley Edwards,
1577,2766,Antonio Burks,
1578,2800,Tony Bobbitt,
1579,2784,Luis Flores,
1580,2825,Ibrahim Kutluay,
1581,2775,Ha Ha,
1582,2839,James Thomas,
1583,2765,Andre Emmett,
1584,2688,Brandin Knight,
1585,2873,Billy Thomas,
1586,2751,Viktor Khryapa,
1587,2748,Dorell Wright,latest
1588,2486,Maurice Baker,
1589,2750,Pavel Podkolzin,
1590,2866,Jackie Butler,
1591,2891,Mark Jones,
1592,101177,Fabricio Oberto,
1593,101106,Andrew Bogut,latest
1594,101184,Deng Gai,
1595,2694,Josh Powell,latest
1596,101159,Dijon Thompson,
1597,101128,Francisco Garcia,
1598,101179,Ronnie Price,latest
1599,101138,Brandon Bass,latest
1600,101178,Arvydas Macijauskas,
1601,101114,Deron Williams,latest
1602,101156,Robert Whaley,
1603,2853,Earl Barron,latest
1604,101134,Wayne Simien,
1605,101190,Matt Walsh,
1606,101160,Lawrence Roberts,
1607,101124,Hakim Warrick,
1608,101115,Andrew Bynum,
1609,101132,Linas Kleiza,
1610,101137,Daniel Ewing,
1611,101189,James Singleton,
1612,101117,Yaroslav Korolev,
1613,101238,Boniface Ndong,
1614,101130,Johan Petro,
1615,101118,Sean May,
1616,101180,Sarunas Jasikevicius,
1617,101122,Danny Granger,latest
1618,101143,Travis Diener,
1619,101127,Jarrett Jack,latest
1620,101110,Martell Webster,latest
1621,101119,Rashad McCants,
1622,101126,Nate Robinson,
1623,101155,Ryan Gomes,
1624,101158,Orien Greene,
1625,101182,Donell Taylor,
1626,101121,Joey Graham,
1627,101111,Charlie Villanueva,latest
1628,101131,Jason Maxiell,
1629,101129,Luther Head,latest
1630,101136,Salim Stoudamire,
1631,101212,Esteban Batista,
1632,101147,Chris Taft,
1633,101223,Aaron Miles,
1634,101209,Devin Green,
1635,101145,Monta Ellis,latest
1636,101207,Kevin Burleson,
1637,2752,Sergei Monia,
1638,101261,Andre Owens,
1639,101188,Eddie Basden,
1640,101149,Martynas Andriuskevicius,
1641,101135,David Lee,latest
1642,101144,Von Wafer,
1643,101154,Andray Blatche,
1644,2684,Melvin Sanders,
1645,101183,Shavlik Randolph,
1646,101213,Sharrod Ford,
1647,101187,Alan Anderson,latest
1648,101125,Julius Hodge,
1649,101185,Rawle Marshall,
1650,2637,Alex Scales,
1651,2809,Gerald Fitch,
1652,101113,Ike Diogu,
1653,101120,Antoine Wright,
1654,101194,Anthony Roberson,
1655,101211,Stephen Graham,
1656,101249,John Lucas III,latest
1657,2450,Randy Holcomb,
1658,,Sean Banks,
1659,101165,Alex Acker,
1660,101152,Bracey Wright,
1661,101236,Chuck Hayes,latest
1662,101142,Ronny Turiaf,
1663,101204,Dwayne Jones,
1664,2591,James Lang,
1665,101230,Noel Felix,
1666,101195,Luke Schenscher,
1667,101198,Will Bynum,latest
1668,101219,Anthony Grundy,
1669,2583,Derrick Zimmerman,
1670,200770,Jordan Farmar,latest
1671,200748,Tyrus Thomas,
1672,200809,Chris Quinn,
1673,200823,Robert Hite,
1674,200759,Cedric Simmons,
1675,200756,Hilton Armstrong,
1676,200796,Leon Powe,
1677,200751,Randy Foye,latest
1678,200783,Craig Smith,
1679,200753,Patrick O'Bryant,
1680,200806,Damir Markota,
1681,200786,David Noel,
1682,200781,Paul Davis,
1683,200764,Renaldo Balkman,
1684,200776,Mardy Collins,
1685,200792,Alexander Johnson,
1686,200779,Steve Novak,latest
1687,2779,Vassilis Spanoulis,
1688,200758,Ronnie Brewer,
1689,200750,Brandon Roy,
1690,200754,Mouhamed Sene,
1691,101153,Mickael Gelabale,
1692,200747,Adam Morrison,
1693,200835,Walter Herrmann,
1694,200749,Shelden Williams,
1695,200780,Solomon Jones,
1696,200841,Cedric Bozeman,
1697,200760,Rodney Carney,latest
1698,200829,Ivan McFarlin,
1699,200816,Jorge Garbajosa,
1700,200745,Andrea Bargnani,latest
1701,200766,Marcus Williams,
1702,200801,Hassan Adams,
1703,101148,Mile Ilic,
1704,200821,Yakhouba Diawara,latest
1705,200772,Maurice Ager,
1706,200822,Pops Mensah-Bonsu,
1707,200771,Sergio Rodriguez,latest
1708,200769,Shannon Brown,
1709,200793,Dee Brown,latest
1710,2601,Andreas Glyniadakis,
1711,,Bobby Jones,
1712,101232,Roger Powell,
1713,200814,Tarence Kinsey,
1714,200810,Allan Ray,
1715,200763,Quincy Douby,
1716,200789,Daniel Gibson,
1717,200790,Marcus Vinicius,
1718,200840,Chris McCray,
1719,2824,Desmon Farmer,
1720,200848,Steven Smith,
1721,2696,Lynn Greer,
1722,101166,Uros Slokar,
1723,200767,Josh Boone,
1724,200807,Will Blalock,
1725,200778,James White,
1726,2810,Andre Brown,
1727,200970,Renaldo Major,
1728,200761,Shawne Williams,
1729,200788,James Augustine,
1730,101235,Kelenna Azubuike,latest
1731,200818,Justin Williams,
1732,200797,Ryan Hollins,latest
1733,101215,Will Conroy,
1734,200978,Jeremy Richardson,
1735,200811,Lou Amundson,latest
1736,201043,Randolph Morris,
1737,200837,Mike Hall,
1738,200838,Kevinn Pinkney,
1739,2449,Luis Scola,latest
1740,201207,Coby Karl,
1741,201192,Taurean Green,
1742,200827,Darius Washington,
1743,201189,Aaron Gray,
1744,201157,Sean Williams,
1745,201146,Yi Jianlian,latest
1746,201156,Nick Young,latest
1747,201187,Dominic McGuire,
1748,200762,Oleksiy Pecherov,latest
1749,201235,Courtney Sims,
1750,2434,Juan Carlos Navarro,
1751,201174,Nick Fazekas,
1752,201208,Darryl Watkins,
1753,201203,Mustafa Shakur,
1754,201153,Julian Wright,
1755,201199,DJ Strawberry,
1756,201169,Alando Tucker,
1757,201167,Arron Afflalo,latest
1758,201161,Daequan Cook,
1759,201176,Jermareo Davidson,
1760,201151,Acie Law,
1761,201238,Mario West,
1762,201159,Javaris Crittenton,
1763,201175,Glen Davis,
1764,201147,Corey Brewer,latest
1765,201181,Chris Richard,
1766,201186,Stephane Lasme,
1767,201154,Al Thornton,
1768,201148,Brandan Wright,latest
1769,200081,Jamario Moon,latest
1770,201193,Demetris Nichols,
1771,201149,Joakim Noah,latest
1772,201165,Morris Almond,
1773,201172,Gabe Pruitt,
1774,201202,Joel Anthony,latest
1775,201150,Spencer Hawes,latest
1776,,Brandon Wallace,
1777,201166,Aaron Brooks,latest
1778,200798,Cheikh Samb,
1779,200785,Kosta Perovic,
1780,201242,Thomas Gardner,
1781,201171,Carl Landry,latest
1782,201177,Josh McRoberts,latest
1783,201178,Kyrylo Fesenko,
1784,201155,Rodney Stuckey,latest
1785,201173,Marcus Williams,
1786,101247,Keith Langford,
1787,200799,Guillermo Diaz,
1788,201228,C.J. Watson,latest
1789,,Adam Haluska,
1790,201191,JamesOn Curry,
1791,201196,Ramon Sessions,latest
1792,200839,Mike Harris,
1793,200984,Lance Allred,
1794,201336,Blake Ahearn,
1795,2867,Kasib Powell,
1796,201581,JJ Hickson,latest
1797,201570,Joe Alexander,
1798,201141,Greg Oden,
1799,201164,Rudy Fernandez,latest
1800,201604,Chris Douglas-Roberts,latest
1801,201596,Mario Chalmers,latest
1802,201602,Kyle Weaver,
1803,201575,Brandon Rush,latest
1804,201579,Roy Hibbert,latest
1805,201634,DeMarcus Nelson,
1806,201576,Anthony Randolph,
1807,201606,Sean Singletary,
1808,201574,Jason Thompson,latest
1809,201628,Bobby Brown,latest
1810,201446,Mike Taylor,
1811,201564,O.J. Mayo,latest
1812,201589,Darrell Arthur,latest
1813,201632,Hamed Haddadi,
1814,201595,Joey Dorsey,
1815,101146,Roko Ukic,
1816,201582,Alexis Ajinca,latest
1817,201603,Sonny Weems,latest
1818,201578,Marreese Speights,latest
1819,201590,Donte Greene,
1820,201594,Walter Sharpe,
1821,201633,Rob Kurz,
1822,201611,Henry Walker,
1823,201627,Anthony Morrow,latest
1824,201629,Othello Hunter,
1825,201631,Steven Hill,
1826,201616,Darnell Jackson,
1827,201180,Sun Sun,
1828,101214,Jawad Williams,
1829,201605,Nathan Jawai,
1830,201858,Cartier Martin,latest
1831,201612,Malik Hairston,
1832,201592,J.R. Giddens,
1833,201234,Trey Johnson,
1834,201621,Joe Crawford,
1835,200971,Dontell Jefferson,
1836,201591,DJ White,
1837,201805,Chris Hunter,
1838,201958,Rodrigue Beaubois,
1839,2431,David Andersen,
1840,201978,Chase Budinger,latest
1841,201966,Jermaine Taylor,
1842,201991,Lester Hudson,
1843,201971,DeJuan Blair,latest
1844,201985,AJ Price,
1845,201945,Gerald Henderson,latest
1846,201974,Derrick Brown,
1847,201972,Jon Brockman,
1848,201953,Eric Maynor,
1849,201951,Ty Lawson,latest
1850,201962,Toney Douglas,latest
1851,201941,Jordan Hill,latest
1852,202068,Marcus Landry,latest
1853,201948,Austin Daye,latest
1854,201934,Hasheem Thabeet,
1855,201970,Sam Young,
1856,201821,Trey Gilder,
1857,201947,Earl Clark,
1858,201944,Terrence Williams,
1859,201938,Jonny Flynn,
1860,201943,Brandon Jennings,latest
1861,201969,DaJuan Summers,latest
1862,201981,Taylor Griffin,
1863,201946,Tyler Hansbrough,latest
1864,201977,Marcus Thornton,latest
1865,201965,Jeff Ayres,latest
1866,201957,Byron Mullens,
1867,202178,Sundiata Gaines,
1868,202132,Cedric Jackson,
1869,202079,Antonio Anderson,
1870,202130,Reggie Williams,latest
1871,201785,Othyus Jeffers,
1872,202087,Alonzo Gee,latest
1873,201802,Oliver Lafayette,
1874,202238,Kenny Hasbrouck,
1875,202382,Derrick Caracter,
1876,202365,Devin Ebanks,
1877,202081,Garret Siler,
1878,202356,Armon Johnson,
1879,202337,Luke Babbitt,latest
1880,201623,Semih Erden,
1881,200817,Pooh Jeter,
1882,201593,Nikola Pekovic,latest
1883,202351,Lazar Hayward,
1884,202345,Damion James,
1885,202361,Landry Fields,
1886,202360,Andy Rautins,latest
1887,202395,Sherron Collins,
1888,202346,Dominique Jones,
1889,202399,Jeff Adrien,latest
1890,202379,Jeremy Evans,latest
1891,201814,Gary Forbes,
1892,202348,Jordan Crawford,latest
1893,202333,Xavier Henry,
1894,202336,Larry Sanders,latest
1895,201600,Omer Asik,latest
1896,202332,Cole Aldrich,latest
1897,202341,James Anderson,latest
1898,202390,Gary Neal,latest
1899,202412,Manny Harris,
1900,202344,Trevor Booker,latest
1901,202380,Hamady Ndiaye,
1902,202396,Samardo Samuels,
1903,202376,Luke Harangody,
1904,202338,Kevin Seraphin,latest
1905,202349,Greivis Vasquez,latest
1906,201168,Tiago Splitter,latest
1907,202378,Willie Warren,
1908,202343,Elliot Williams,latest
1909,202374,Solomon Alabi,
1910,202342,Craig Brackins,
1911,202386,Ben Uzoh,
1912,202371,Gani Lawal,
1913,201963,Christian Eyenga,
1914,202220,Zabian Dowdell,
1915,202082,Larry Owens,
1916,202419,Chris Johnson,latest
1917,202377,Pape Sy,
1918,202408,Marcus Cousin,
1919,202077,Jerel McNeal,
1920,201607,Patrick Ewing,
1921,202354,Dexter Pittman,
1922,202392,Marqus Blakely,
1923,202712,Justin Harper,latest
1924,202707,JaJuan Johnson,
1925,201880,Greg Stiemsma,latest
1926,202725,Josh Harrellson,latest
1927,202366,Jerome Jordan,
1928,202727,Travis Leslie,
1929,202717,Trey Thompkins,
1930,202724,Charles Jenkins,
1931,202719,Jeremy Tyler,latest
1932,202726,Andrew Goudelock,latest
1933,202708,Norris Cole,latest
1934,202227,Terrel Harris,
1935,202148,Mickell Gladness,
1936,202951,Jeremy Pargo,latest
1937,202729,Josh Selby,
1938,202690,Jimmer Fredette,latest
1939,202715,Tyler Honeycutt,
1940,202731,Vernon Macklin,
1941,202682,Derrick Williams,latest
1942,202723,Malcolm Lee,
1943,202701,Nolan Smith,
1944,202359,Darington Hobson,
1945,202809,Cory Higgins,
1946,202862,Dennis Horner,
1947,202698,Chris Singleton,
1948,201291,Carldell Johnson,
1949,201274,Ivan Johnson,
1950,202874,Chris Wright,latest
1951,202350,Daniel Orton,
1952,202970,Gustavo Ayon,
1953,202706,Jordan Hamilton,
1954,202686,Jan Vesely,
1955,202933,Julyan Stone,latest
1956,202716,Jordan Williams,
1957,202721,Darius Morris,latest
1958,202814,Mychel Thompson,
1959,202730,Lavoy Allen,latest
1960,202388,Donald Sloan,latest
1961,202952,Malcolm Thomas,
1962,202622,Courtney Fortson,
1963,202385,Ryan Reid,
1964,202962,Greg Smith,
1965,201286,Eric Dawson,
1966,202732,DeAndre Liggins,latest
1967,,Walker Russell,
1968,202880,Jeff Foote,
1969,202536,Jerry Smith,
1970,202775,Edwin Ubiles,
1971,202458,Justin Dentmon,
1972,202728,Keith Benson,latest
1973,202406,Jerome Dyson,
1974,202810,D.J. Kennedy,latest
1975,201182,Derrick Byars,
1976,202918,Xavier Silas,latest
1977,202067,Diamon Simpson,
1978,203096,Jared Sullinger,latest
1979,203126,Kris Joseph,
1980,203099,Jared Cunningham,latest
1981,203108,Bernard James,
1982,203135,Robert Sacre,latest
1983,203092,Tyler Zeller,latest
1984,203122,Kevin Murphy,latest
1985,201964,Victor Claver,
1986,200777,Joel Freeland,
1987,203093,Terrence Jones,latest
1988,202700,Donatas Motiejunas,latest
1989,203091,Royce White,
1990,203119,Kim English,
1991,202713,Kyle Singler,latest
1992,201986,Nando De Colo,
1993,203148,Brian Roberts,latest
1994,203162,Ben Hansbrough,
1995,203111,Orlando Johnson,latest
1996,203080,Thomas Robinson,latest
1997,203104,Marquis Teague,
1998,203105,Festus Ezeli,latest
1999,203088,Kendall Marshall,latest
2000,202545,Luke Zeller,
2001,203113,Quincy Miller,latest
2002,203146,Maalik Wayns,latest
2003,203102,Arnett Moultrie,
2004,203100,Tony Wroten,latest
2005,203103,Perry Jones III,latest
2006,203144,Alexey Shved,
2007,203098,John Jenkins,latest
2008,203143,Pablo Prigioni,latest
2009,203142,Chris Copeland,latest
2010,203117,Doron Lamb,
2011,203106,Jeffery Taylor,
2012,203094,Andrew Nicholson,latest
2013,203129,Tornike Shengelia,
2014,203116,Tyshawn Taylor,
2015,203141,Mirza Teletovic,latest
2016,203159,Scott Machado,
2017,203199,DeQuan Jones,latest
2018,203139,Viacheslav Kravtsov,
2019,203197,Diante Garrett,
2020,203112,Quincy Acy,latest
2021,203130,Darius Johnson-Odom,latest
2022,203158,Kevin Jones,
2023,202363,Jarvis Varnado,
2024,203187,Chris Johnson,latest
2025,203097,Fab Melo,
2026,203317,Tim Ohlbrecht,
2027,203156,Henry Sims,latest
2028,203203,Chris Wright,
2029,203006,Josh Akognon,
2030,203527,Ryan Kelly,latest
2031,203513,Erik Murphy,
2032,203543,Vitor Faverani,
2033,203515,Phil Pressey,latest
2034,202779,Dwight Buycks,latest
2035,203548,Elias Harris,
2036,203136,Ognjen Kuzmic,
2037,203517,Nemanja Nedovic,
2038,203318,Glen Rice,
2039,203491,Peyton Siva,
2040,203502,Tony Mitchell,latest
2041,203540,Gigi Datome,
2042,202620,Arinze Onuaku,latest
2043,203481,Jeff Withey,latest
2044,203489,Nate Wolters,latest
2045,203545,Miroslav Raduljica,
2046,201979,Nick Calathes,
2047,203479,Jamaal Franklin,
2048,203461,Anthony Bennett,latest
2049,203544,Pero Antic,
2050,203539,Gal Mekel,
2051,203495,Ricky Ledo,
2052,203133,Robbie Hummel,latest
2053,203498,Shabazz Muhammad,latest
2054,203561,Brandon Davies,
2055,203138,Hollis Thompson,latest
2056,203462,Archie Goodwin,latest
2057,202091,Dionte Christmas,
2058,203315,Toure' Murry,latest
2059,203480,James Southerland,
2060,203508,Sergey Karasev,latest
2061,203492,Ray McCallum,latest
2062,203467,Carrick Felix,latest
2063,203147,Chris Smith,
2064,203499,Shane Larkin,latest
2065,203505,Vander Blue,latest
2066,203519,Adonis Thomas,latest
2067,203569,Chris Babb,latest
2068,203183,Tony Mitchell,
2069,203120,Justin Hamilton,latest
2070,203268,Jorge Gutierrez,latest
2071,202197,Shane Edwards,
2072,203810,Casper Ware,latest
2073,203816,Scotty Hopson,
2074,203186,Willie Reed,latest
2075,203906,Devyn Marble,latest
2076,204028,Tarik Black,latest
2077,203123,Kostas Papanikolaou,latest
2078,203798,PJ Hairston,latest
2079,203909,KJ McDaniels,latest
2080,203960,JaKarr Sampson,latest
2081,204014,Damjan Rudez,latest
2082,203963,Shayne Whittington,latest
2083,203928,Cory Jefferson,latest
2084,203923,James Young,latest
2085,203512,Lucas Nogueira,latest
2086,203919,Jordan Adams,latest
2087,203950,Jarnell Stokes,latest
2088,203898,Tyler Ennis,latest
2089,203946,Cameron Bairstow,latest
2090,203921,Cleanthony Early,latest
2091,204037,Travis Wear,latest
2092,203945,Alex Kirk,
2093,204054,Zoran Dragic,
2094,203910,Nick Johnson,latest
2095,203958,Andre Dawkins,
2096,203893,Russ Smith,latest
2097,,Patric Young,
2098,203805,Will Cherry,
2099,203998,Bruno Caboclo,latest
2100,203564,Kalin Lucas,latest
2101,203475,Erick Green,latest
2102,203940,Adreian Payne,latest
2103,204079,Drew Gordon,
2104,203900,Markel Brown,latest
2105,203912,CJ Wilcox,latest
2106,203961,Eric Moreland,latest
2107,203511,Grant Jerrett,latest
2108,,Ronald Roberts Jr.,
2109,203996,Damien Inglis,latest
2110,203948,Johnny O'Bryant III,latest
2111,203956,Mitch McGary,latest
2112,203128,Furkan Aldemir,latest
2113,203565,Patrick Christopher,
2114,202407,Elijah Millsap,latest
2115,203580,Larry Drew II,latest
2116,203949,James Michael McAdoo,latest
2117,204065,David Stockton,
2118,203530,Joffrey Lauvergne,latest
2119,204022,Jack Cooley,latest
2120,203955,Bryce Cotton,
2121,203968,Jerrelle Benimon,
2122,204067,Jarell Eddie,latest
2123,203913,Jabari Brown,latest
2124,203930,Sean Kilpatrick,latest
2125,204033,David Wear,
2126,204021,Sim Bhullar,
2127,1626199,Darrun Hilliard,latest
2128,203934,Lamar Patterson,latest
2129,201619,Sasha Kaun,latest
2130,202353,Tibor Pleiss,latest
2131,1626173,Rashad Vaughn,latest
2132,1626151,Aaron Harrison,latest
2133,1626202,Joe Young,latest
2134,1626242,Luis Montero,latest
2135,1626273,Marcelo Huertas,latest
2136,1626148,Anthony Brown,latest
2137,1626175,Jordan Mickey,latest
2138,204002,Edy Tavares,latest
2139,1626154,RJ Hunter,latest
2140,1626251,Duje Dukan,latest
2141,1626146,Cliff Alexander,latest
2142,203962,Josh Huestis,latest
2143,1626183,Branden Dawson,latest
2144,1626176,Rakeem Christmas,latest
2145,1626266,JJ O'Brien,latest
2146,203951,Keith Appling,latest
2147,1626214,Bryce Dejean-Jones,latest
2148,203648,Thanasis Antetokounmpo,latest
2149,1626191,Chris McCullough,latest
2150,1627293,Alex Stepheson,
2151,1626253,Axel Toupane,latest
2152,1627362,Briante Weber,latest
2153,1626262,Coty Clarke,latest
2154,204098,Xavier Munford,latest
2155,204066,John Holland,latest
2156,1627851,Mindaugas Kuzminskas,latest
2157,1627879,Nicolas Laprovittola,latest
2158,1627775,Patrick McCaw,latest
2159,1627762,Joel Bolomboy,latest
2160,1627785,Isaiah Whitehead,latest
2161,1627787,Kyle Wiltjer,latest
2162,1627738,Deyonta Davis,latest
2163,1627771,Michael Gbinije,latest
2164,203902,Semaj Christon,latest
2165,1627852,Nicolas Brussino,latest
2166,1627835,Paul Zipser,latest
2167,1627754,Diamond Stone,latest
2168,1627849,Daniel Ochefu,latest
2169,1627815,Sheldon Mac,latest
2170,1627098,Malcolm Delaney,latest
2171,1627773,AJ Hammons,latest
2172,1627770,Kay Felder,latest
2173,1627757,Stephen Zimmerman,latest
2174,1626254,Maurice Ndour,latest
2175,1627863,Danuel House Jr.,latest
2176,1627834,Georgios Papagiannis,latest
2177,1627817,Tim Quarterman,latest
2178,1626780,Jonathan Gibson,latest
2179,1627850,Marshall Plumlee,latest
2180,1627778,Chinanu Onuaku,latest
2181,203510,Pierre Jackson,latest
2182,1627855,Okaro White,latest
2183,1627861,Mike Tobey,latest
2184,1627875,Marcus Georges-Hunt,latest
2185,1627744,Brice Johnson,latest
2186,1627791,Ben Bentil,latest
2187,1627848,Shawn Long,latest
2188,1627784,Jarrod Uthoff,latest
2189,1627780,Gary Payton II,latest
2190,1627819,Isaiah Taylor,latest
2191,1627868,Patricio Garino,latest
2192,1628429,Charles Cooke,latest
2193,1627883,Jalen Jones,latest
2194,203705,Josh Magette,latest
2195,1628409,Alec Peters,latest
2196,1628455,Mike James,latest
2197,1628475,Matt Williams Jr.,latest
2198,203464,Brandon Paul,latest
2199,1626177,Dakari Johnson,latest
2200,,Mike Young,
2201,1628492,Gian Clavell,latest
2202,1628424,Kobi Simmons,latest
2203,1628493,Mangok Mathiang,latest
2204,1627779,Marcus Paige,latest
2205,1628393,Jawun Evans,latest
2206,1627856,Matt Costello,latest
2207,1628451,Jacob Wiley,latest
2208,1628476,Derrick Walton Jr.,latest
2209,1626205,Vincent Hunter,latest
2210,203966,Jamil Wilson,latest
2211,1628499,Antonius Cleveland,latest
2212,1626643,Jacob Pullen,latest
2213,1628506,London Perrantes,latest
2214,,Yakuba Ouattara,
2215,1626259,Malcolm Miller,latest
2216,1628443,Kadeem Allen,latest
2217,1628503,Jamel Artis,latest
2218,1627858,Kyle Collinsworth,latest
2219,1628495,Milton Doyle,latest
2220,203687,Reggie Hearn,latest
2221,1628502,Nigel Hayes,latest
2222,1627988,Myke Henry,latest
2223,1628500,Ben Moore,latest
2224,1627821,James Webb III,latest
2225,1627982,Josh Gray,latest
2226,1628571,Erik McCree,latest
2227,1628510,Andrew White III,latest
2228,203590,Trey McKinney-Jones,latest
2229,1627215,Walter Lemon Jr.,latest
2230,1628504,Xavier Rathan-Mayes,latest
2231,1628681,Rodney Purvis,
2232,1627866,Jameel Warney,
2233,204179,Omari Johnson,latest
2234,201281,Andre Ingram,latest
2235,1628935,Aaron Jackson,
2236,78296,Brian Taylor,
2237,78548,Freeman Williams,
2238,78516,Jerome Whitehead,
2239,76290,Joe Bryant,
2240,78475,Nick Weatherspoon,
2241,78520,Sidney Wicks,
2242,77689,Swen Nater,
2243,76753,World Free,
2244,76734,Don Ford,
2245,78532,Jamaal Wilkes,
2246,76392,Jim Chones,
2247,76003,Kareem Abdul-Jabbar,latest
2248,76444,Michael Cooper,
2249,77721,Norm Nixon,
2250,76204,Ron Boone,
2251,76981,Spencer Haywood,
2252,77487,Cedric Maxwell,
2253,76733,Chris Ford,
2254,76462,Dave Cowens,latest
2255,76379,Don Chaney,
2256,76707,Eric Fernsten,
2257,77215,Jeff Judkins,
2258,76351,M.L. Carr,
2259,76054,Nate Archibald,latest
2260,77984,Rick Robey,
2261,77669,Calvin Murphy,
2262,77182,Dwight Jones,
2263,77189,Major Jones,
2264,76616,Mike Dunleavy,
2265,600013,Rick Barry,latest
2266,78350,Rudy Tomjanovich,
2267,78513,Rudy White,
2268,76996,Tom Henderson,
2269,76500,Bob Dandridge,
2270,76979,Elvin Hayes,latest
2271,76091,Greg Ballard,
2272,76887,Kevin Grevey,
2273,77876,Kevin Porter,
2274,78623,Larry Wright,
2275,77848,Roger Phegley,
2276,78392,Wes Unseld,
2277,,Bobby Jones,
2278,77175,Caldwell Jones,
2279,76539,Darryl Dawkins,
2280,76421,Doug Collins,
2281,77627,Eric Money,
2282,76162,Henry Bibby,
2283,76681,Julius Erving,latest
2284,77618,Steve Mix,
2285,77024,Armond Hill,
2286,76471,Charlie Criss,
2287,78025,Dan Roundfield,
2288,77144,Eddie Johnson,
2289,76819,Jack Givens,
2290,76598,John Drew,
2291,77364,Ron Lee,
2292,76971,Steve Hawes,
2293,76767,Terry Furlow,
2294,77553,Tom McMillen,
2295,77087,Geoff Huston,
2296,76447,Hollis Copeland,
2297,76402,Jim Cleamons,
2298,77582,Joe Meriweather,
2299,76553,Larry Demic,
2300,77952,Micheal Ray Richardson,
2301,76822,Mike Glenn,
2302,78571,Ray Williams,
2303,78570,Sly Williams,
2304,77289,Toby Knight,
2305,77126,Abdul Jeelani,
2306,76248,Jim Brewer,
2307,77819,Jim Paxson,
2308,78467,Kermit Washington,
2309,77323,Kevin Kunnert,
2310,78245,Larry Steele,
2311,77043,Lionel Hollins,
2312,76249,Ron Brewer,
2313,77786,Tom Owens,
2314,76257,Allan Bristow,
2315,77873,Ben Poquette,
2316,78545,Don Williams,
2317,76544,Greg Deane,
2318,76948,James Hardy,
2319,76806,John Gianelli,
2320,76541,Paul Dawkins,
2321,77459,Pete Maravich,latest
2322,78204,Robert Smith,
2323,600005,Bob Lanier,
2324,77498,Bob McAdoo,
2325,77239,Greg Kelser,
2326,77528,Jim McElroy,
2327,78143,John Shumate,
2328,76590,Leon Douglas,
2329,77071,Phil Hubbard,
2330,76928,Roylee Hamilton,
2331,76608,Terry Duerod,
2332,78390,Terry Tyler,
2333,77290,Billy Knight,
2334,77136,Clemon Johnson,
2335,76231,Dudley Bradley,
2336,76526,Johnny Davis,
2337,77168,Mickey Johnson,
2338,76095,Mike Bantom,
2339,78643,Tony Zeno,
2340,77691,Calvin Natt,
2341,77205,Eddie Jordan,
2342,77149,George Johnson,
2343,78400,Jan Van Breda Kolff,
2344,78575,John Williamson,
2345,78157,Ralph Simpson,
2346,77235,Rich Kelley,
2347,78577,Bill Willoughby,
2348,78202,Bingo Smith,
2349,78047,Campy Russell,
2350,77998,Dave Robisch,
2351,78294,Earl Tatum,
2352,77331,John Lambert,
2353,76350,Kenny Carr,
2354,77615,Mike Mitchell,
2355,78200,Randy Smith,
2356,78208,Willie Smith,
2357,76011,Alvan Adams,
2358,78095,Alvin Scott,
2359,76317,Don Buse,
2360,76985,Garfield Heard,
2361,76436,Jeff Cook,
2362,77308,Joel Kramer,
2363,77022,Johnny High,
2364,76242,Mike Bratz,
2365,78500,Paul Westphal,
2366,77993,Truck Robinson,
2367,77917,Clifford Ray,
2368,76457,John Coughran,
2369,77419,John Lucas,
2370,78510,Jojo White,
2371,78139,Purvis Short,
2372,78365,Raymond Townsend,
2373,77800,Sonny Parker,
2374,78587,Thomas Wilson,
2375,76005,Tom Abernethy,
2376,77997,Bill Robinzine,
2377,77547,Billy McKinney,
2378,76899,Ernie Grunfeld,
2379,77926,Marlon Redmond,
2380,76873,Mike Green,
2381,76170,Otis Birdsong,
2382,76736,Phil Ford,
2383,77273,Reggie King,
2384,77326,Sam Lacey,
2385,78482,Scott Wedman,
2386,78600,Brian Winters,
2387,77586,Dave Meyers,
2388,76365,Harvey Catchings,
2389,76252,Junior Bridgeman,
2390,76154,Kent Benson,
2391,78449,Lloyd Walton,
2392,77160,Marques Johnson,
2393,76296,Quinn Buckner,
2394,78468,Richard Washington,
2395,76229,Alonzo Bradley,
2396,77975,Anthony Roberts,
2397,76664,Bo Ellis,
2398,78531,Bob Wilkerson,
2399,78097,Charlie Scott,
2400,77097,Dan Issel,
2401,78326,David Thompson,
2402,76781,Gary Garland,
2403,77532,George McGinnis,
2404,78000,John Roche,
2405,77078,Kim Hughes,
2406,76348,Austin Carr,
2407,76750,Walt Frazier,latest
2408,77817,Billy Paultz,
2409,76804,George Gervin,latest
2410,77255,Irv Kiffin,
2411,78150,James Silas,
2412,77944,Kevin Restani,
2413,77246,Larry Kenon,
2414,77756,Mark Olberding,
2415,76686,Mike Evans,
2416,76771,Mike Gale,
2417,76889,Paul Griffin,
2418,76083,Gus Bailey,
2419,76386,Phil Chenier,
2420,600014,Artis Gilmore,
2421,76567,Coby Dietrick,
2422,76159,Del Beshore,
2423,77334,Mark Landsberger,
2424,77162,Ollie Johnson,
2425,78215,Ricky Sobers,
2426,77490,Scott May,
2427,76330,Corky Calhoun,
2428,77858,Stan Pietkiewicz,
2429,77141,Dennis Johnson,
2430,76272,Fred Brown,
2431,78549,Gus Williams,
2432,76085,James Bailey,
2433,77152,John Johnson,
2434,78133,Lonnie Shelton,
2435,78151,Paul Silas,
2436,77328,Tom LaGarde,
2437,76286,Roger Brown,
2438,78205,Sammy Smith,
2439,76213,Tom Boswell,
2440,78442,Wally Walker,
2441,77710,Mike Newlin,
2442,76120,Tim Bassett,
2443,76225,Winford Boynes,
2444,78356,Bernard Toone,
2445,78222,Jim Spanarkel,
2446,76802,Gus Gerard,
2447,77040,Brad Holland,
2448,76352,Bob Carrington,
2449,76078,Dennis Awtrey,
2450,76966,Joey Hassett,
2451,78436,Foots Walker,
2452,78387,Dave Twardzik,
2453,77827,Wiley Peck,
2454,77320,John Kuester,
2455,77148,George Johnson,
2456,77353,Allen Leavell,
2457,77950,Clint Richardson,
2458,77420,Maurice Lucas,
2459,76321,Marty Byrnes,
2460,77432,Ollie Mack,
2461,76656,Bob Elliott,
2462,76685,Earl Evans,
2463,77580,John Mengelt,
2464,76895,Bob Gross,
2465,77450,Steve Malovic,
2466,78431,Andre Wakefield,
2467,76276,John Brown,
2468,76475,Terry Crosby,
2469,76361,Ron Carter,
2470,77760,John Olive,
2471,76305,Tom Burleson,
2472,77324,Mitch Kupchak,
2473,76336,Mack Calvin,
2474,600010,Len Elmore,
2475,76830,Glen Gondrezick,
2476,77829,Sam Pellom,
2477,600006,Earl Monroe,latest
2478,77028,Darnell Hillman,
2479,78199,Phil Smith,
2480,77732,Sylvester Norris,
2481,78583,Rick Wilson,
2482,77989,Jackie Robinson,
2483,78167,Al Skinner,
2484,78450,Bill Walton,
2485,77356,Butch Lee,
2486,76104,Marvin Barnes,
2487,77106,Phil Jackson,
2488,76121,Billyray Bates,
2489,78481,Marvin Webster,
2490,76523,Harry Davis,
2491,77306,Arvid Kramer,
2492,76212,Lawrence Boston,
2493,77159,Lynbert Johnson,
2494,76140,Ron Behagen,
2495,77258,Carl Kilpatrick,
2496,77715,Carl Nicks,
2497,77056,Cedrick Hordges,
2498,77021,Kenny Higgs,
2499,77633,Johnny Moore,
2500,77163,Reggie Johnson,
2501,77438,Kyle Macy,
2502,77718,Mike Niles,
2503,77937,Billy Reid,
2504,78015,Lorenzo Romar,
2505,76283,Rickey Brown,
2506,76947,Alan Hardy,
2507,76435,Darwin Cook,
2508,77754,Mike O'Koren,
2509,78146,Jerry Sichting,
2510,77770,Louis Orr,
2511,76954,Mike Harper,
2512,76266,Michael Brooks,
2513,76786,Calvin Garrett,
2514,77010,Keith Herron,
2515,76765,Tony Fuller,
2516,77996,Wayne Robinson,
2517,77484,Wes Matthews,
2518,78519,Charles Whitney,
2519,78425,Brett Vroman,
2520,76619,John Duren,
2521,78132,Craig Shelton,
2522,76418,Don Collins,
2523,78533,James Wilkes,
2524,78618,Sam Worthen,
2525,77262,Chad Kinch,
2526,77209,Walter Jordan,
2527,77635,Lowes Moore,
2528,76030,Darrell Allums,
2529,76604,Ralph Drollinger,
2530,76360,Reggie Carter,
2531,76355,Butch Carter,
2532,77158,Lee Johnson,
2533,77911,Kelvin Ransey,
2534,76944,Bill Hanzlik,
2535,78068,Dewayne Scales,
2536,76416,Art Collins,
2537,77692,Kenny Natt,
2538,77910,Wally Rank,
2539,76520,Monti Davis,
2540,78307,Carlos Terry,
2541,77920,Jamesearl Ray,
2542,77373,Ronnie Lester,
2543,77882,Tony Price,
2544,77312,Wayne Kreklow,
2545,78351,Andrew Toney,
2546,77396,Scott Lloyd,
2547,76534,Ron Davis,
2548,77100,Tony Jackson,
2549,77602,Dick Miller,
2550,77808,Myles Patrick,
2551,77184,Edgar Jones,
2552,78527,Michael Wiley,
2553,78396,Ron Valentine,
2554,78537,Jeff Wilkins,
2555,78274,John Stroud,
2556,76174,Norman Black,
2557,76261,David Britton,
2558,77515,Keith McCord,
2559,77504,Andre McCarter,
2560,76279,Lewis Brown,
2561,76151,Mel Bennett,
2562,78057,Frankie Sanders,
2563,76587,Jacky Dorsey,
2564,77348,Ed Lawrence,
2565,76474,Jeffrey Crompton,
2566,77229,Clarence Kea,
2567,77495,Bill Mayfield,
2568,78414,Peter Verhoeven,
2569,76641,Franklin Edwards,
2570,76569,Mickey Dillard,
2571,76304,Roger Burkman,
2572,76443,Joe Cooper,
2573,78348,Ray Tolbert,
2574,76230,Charles Bradley,
2575,77110,Tracy Jackson,
2576,76518,Charlie Davis,
2577,78605,Garry Witts,
2578,77401,Kevin Loder,
2579,76093,Gene Banks,
2580,76368,Bobby Cattage,
2581,78609,Howard Wood,
2582,78378,Elston Turner,
2583,78418,Jay Vincent,
2584,77541,Kevin McKenna,
2585,77527,Hank McDowell,
2586,78569,Samuel Williams,
2587,78423,Danny Vranes,
2588,77904,Ed Rains,
2589,77435,Rudy Macklin,
2590,78191,Jim Smith,
2591,76589,John Douglas,
2592,77332,Jeff Lamp,
2593,76228,Alex Bradley,
2594,76189,Ray Blume,
2595,77530,Mike McGee,
2596,76625,Craig Dykema,
2597,77520,John McCullough,
2598,76307,David Burns,
2599,77719,Kurt Nimphius,
2600,77395,Lewis Lloyd,
2601,76262,Jim Brogan,
2602,76913,Glenn Hagan,
2603,76901,Petur Gudmundsson,
2604,77896,Mark Radford,
2605,78610,Al Wood,
2606,78237,Kevin Stacom,
2607,76980,Steve Hayes,
2608,76556,Kenny Dennard,
2609,78632,Rich Yonakor,
2610,78233,Larry Spriggs,
2611,76239,Brad Branson,
2612,77135,Clay Johnson,
2613,76084,Carl Bailey,
2614,77363,Rock Lee,
2615,78136,Edmund Sherod,
2616,77854,Eddie Phillips,
2617,76045,Richard Anderson,
2618,78314,David Thirdkill,
2619,78512,Rory White,
2620,76632,Jerry Eaves,
2621,78250,Brook Steppe,
2622,77731,Audie Norris,
2623,76725,Bruce Flowers,
2624,77442,Dave Magley,
2625,78343,Darren Tillis,
2626,78299,Jeff Taylor,
2627,76670,Chris Engler,
2628,77236,Clark Kellogg,
2629,78462,Bryan Warrick,
2630,78565,Rob Williams,
2631,76785,Bill Garnett,
2632,78303,Vince Taylor,
2633,77092,Marc Iavaroni,
2634,76043,Mitchell Anderson,
2635,78087,Russ Schoene,
2636,76124,Dave Batton,
2637,78563,Rickey Williams,
2638,,Walker Russell,
2639,78647,Jim Zoet,
2640,76638,Keith Edmonson,
2641,77389,Steve Lingenfelter,
2642,77640,Guy Morgan,
2643,78172,Jose Slaughter,
2644,78364,Linton Townes,
2645,77171,Jim Johnstone,
2646,77994,Oliver Robinson,
2647,77203,Willie Jones,
2648,78325,Corny Thompson,
2649,76037,Dwight Anderson,
2650,76463,John Cox,
2651,77864,Charlie Pittman,
2652,76885,John Greig,
2653,77300,Joe Kopicki,
2654,76530,Michael Davis,
2655,77449,Moses Malone,latest
2656,76358,Howard Carter,
2657,77318,Bruce Kuczenski,
2658,77861,John Pinone,
2659,76543,Darren Daye,
2660,78581,Mike Wilson,
2661,77518,Scooter McCray,
2662,77456,Pace Mannion,
2663,78332,Paul Thompson,
2664,78430,Granville Waiters,
2665,76425,Leroy Combs,
2666,77415,Sidney Lowe,
2667,78257,Steve Stipanovich,
2668,78556,Kevin Williams,
2669,76791,John Garris,
2670,76847,Stewart Granger,
2671,76398,Carlos Clark,
2672,77916,Leo Rautins,
2673,76742,Rod Foster,
2674,78281,Dane Suttle,
2675,77399,Darrell Lockhart,
2676,90000,Mark Jones,
2677,77588,Larry Micheaux,
2678,76810,Mike Gibson,
2679,76074,Ken Austin,
2680,77863,Tom Piotrowski,
2681,76478,Russell Cross,
2682,76291,Wallace Bryant,
2683,77603,Bob Miller,
2684,78484,Brant Weidner,
2685,76177,Cory Blackwell,
2686,78386,Mel Turpin,
2687,76021,Chuck Aleksinas,
2688,78578,Othell Wilson,
2689,78311,Peter Thibeaux,
2690,77047,Michael Holton,
2691,78062,Wayne Sappleton,
2692,78116,Tom Sewell,
2693,76713,Kenny Fields,
2694,76621,Devin Durrant,
2695,77191,Ozell Jones,
2696,76834,Lancaster Gordon,
2697,78323,Bernard Thompson,
2698,77178,Charles Jones,
2699,78080,Tom Scheffler,
2700,78515,Willie White,
2701,78550,Guy Williams,
2702,78164,Charlie Sitton,
2703,78241,Terence Stansbury,
2704,76342,Rick Carlisle,
2705,78538,Dale Wilkinson,
2706,77670,Jay Murphy,
2707,78174,Tom Sluby,
2708,77183,Earl Jones,
2709,77107,Ralph Jackson,
2710,76370,Ron Cavenall,
2711,78093,John Schweitz,
2712,78634,Michael Young,
2713,77870,David Pope,
2714,76637,Kent Edelin,
2715,76855,Butch Graves,
2716,77609,Dirk Minniefield,
2717,76384,Lorenzo Charles,
2718,77654,Perry Moss,
2719,78102,Carey Scurry,
2720,76960,Steve Harris,
2721,77001,Carl Henry,
2722,76439,David Cooke,
2723,76469,Ron Crevier,
2724,77481,Bill Martin,
2725,77509,Dwayne McClain,
2726,77214,Yvon Joseph,
2727,76172,Uwe Blab,
2728,77852,Mike Phelps,
2729,77076,Alfredrick Hughes,
2730,77154,Ken Johnson,
2731,78566,Pete Williams,
2732,76869,Kenny Green,
2733,77469,Brian Martin,
2734,76260,Mike Brittain,
2735,76411,Fred Cofield,
2736,76824,Georgi Glouchkov,
2737,78264,Greg Stokes,
2738,78601,Voise Winters,
2739,77361,Keith Lee,
2740,77233,Harold Keeling,
2741,76884,Claude Gregory,
2742,76476,Jeff Cross,
2743,77560,Chris McNealy,
2744,77524,Ben McDonald,
2745,76992,Jerome Henderson,
2746,78030,Derrick Rowland,
2747,78407,Nick Vanos,
2748,76868,Ken Green,
2749,77105,Myron Jackson,
2750,77476,Mo Martin,
2751,77173,Anthony Jones,
2752,77472,Fernando Martin,
2753,76158,Walter Berry,
2754,78192,Keith Smith,
2755,78465,Dwayne Washington,
2756,78162,Mckinley Singleton,
2757,76831,Grant Gondrezick,
2758,78463,Chris Washburn,
2759,76588,Bruce Douglas,
2760,78007,Johnny Rogers,
2761,76990,Cedric Henderson,
2762,77002,Conner Henry,
2763,77866,Dwayne Polee,
2764,77166,Steffond Johnson,
2765,76237,Adrian Branch,
2766,77881,Harold Pressley,
2767,77542,Forrest McKenzie,
2768,77280,Curtis Kitchen,
2769,77333,Jim Lampley,
2770,77738,Dennis Nutt,
2771,77565,Cozell McQueen,
2772,78635,Perry Young,
2773,76994,Kevin Henderson,
2774,76167,Joe Binion,
2775,78027,Ron Rowan,
2776,78620,Brad Wright,
2777,77383,Ralph Lewis,
2778,78271,John Stroeder,
2779,78582,Nikita Wilson,
2780,76426,Dallas Comegys,
2781,78445,Jamie Waller,
2782,77632,Andre Moore,
2783,77704,Martin Nessley,
2784,76415,Norris Coleman,
2785,1846,Chris Welp,
2786,76179,Nate Blackwell,
2787,76057,Joe Arlauckas,
2788,77104,Michael Jackson,
2789,78504,Clinton Wheeler,
2790,77637,Ron Moore,
2791,78514,Tony White,
2792,77153,Kannard Johnson,
2793,76472,Winston Crite,
2794,1984,Rickie Winslow,
2795,78031,Brian Rowsom,
2796,76586,Billy Donovan,
2797,77673,Ronnie Murphy,
2798,78022,Scott Roth,
2799,78584,Ricky Wilson,
2800,76991,Dave Henderson,
2801,78644,Phil Zevenbergen,
2802,77077,Eddie Hughes,
2803,78507,Eric White,
2804,78426,Mark Wade,
2805,77939,Richard Rellford,
2806,77652,Richard Morton,
2807,76528,Mark Davis,
2808,76671,Wayne Englestad,
2809,76709,Rolando Ferreira,
2810,77880,Dominic Pressley,
2811,78295,Anthony Taylor,
2812,76862,Sylvester Gray,
2813,76812,Ben Gillery,
2814,76157,Ricky Berry,
2815,77969,Ramon Rivas,
2816,78175,Keith Smart,
2817,2652,Shelton Jones,
2818,77771,Jose Ortiz,
2819,76552,Fennis Dembo,
2820,77614,Todd Mitchell,
2821,77398,Robert Lock,
2822,76042,Michael Anderson,
2823,77180,Bill Jones,
2824,78029,Jim Rowinski,
2825,76378,Mike Champion,
2826,76025,Randy Allen,
2827,76841,Orlando Graham,
2828,78016,Robert Rose,
2829,78654,Barry Sumpter,
2830,76596,Terry Dozier,
2831,77060,Ed Horton,
2832,76292,Torgeir Bryn,
2833,78297,Jay Taylor,
2834,76288,Stanley Brundy,
2835,77720,Dyron Nix,
2836,78301,Leonard Taylor,
2837,76294,Steve Bucknall,
2838,77145,Eric Johnson,
2839,77502,Mel McCants,
2840,78419,Gary Voce,
2841,77170,Nate Johnston,
2842,77354,Jeff Lebo,
2843,1097,Zarko Paspalj,
2844,78140,Dexter Shouse,
2845,77649,Mike Morrison,
2846,78021,Doug Roth,
2847,78558,Mike Williams,
2848,76643,Jay Edwards,
2849,76282,Raymond Brown,
2850,244,Dee Brown,
2851,1449,Larry Bird,latest
2852,77384,Reggie Lewis,
2853,291,Ed Pinckney,
2854,1450,Kevin McHale,latest
2855,170,Joe Kleine,
2856,333,Kevin Gamble,
2857,216,Brian Shaw,
2858,77872,Dave Popson,
2859,305,Robert Parish,
2860,921,Brad Daugherty,
2861,359,Chucky Brown,
2862,378,Craig Ehlo,
2863,198,Danny Ferry,
2864,76387,Derrick Chievous,
2865,77789,Gerald Paddio,
2866,73,Williams,
2867,892,Spud Webb,
2868,77946,Jerry Reynolds,
2869,76016,Mark Aguirre,
2870,122,Fred Roberts,
2871,304,John Stockton,
2872,698,Eddie Johnson,
2873,345,Terry Porter,
2874,78614,Mike Woodson,
2875,78320,Jim Thomas,
2876,76516,Brad Davis,
2877,78615,Orlando Woolridge,
2878,904,Chris Mullin,latest
2879,938,Rony Seikaly,
2880,265,Harvey Grant,
2881,456,Chuck Person,
2882,96,Detlef Schrempf,
2883,45,George McCloud,latest
2884,1068,Greg Dreiling,
2885,78555,Kenny Williams,
2886,78,LaSalle Thompson,
2887,52,Micheal Williams,
2888,78059,Mike Sanders,
2889,1456,Randy Wittman,
2890,397,Reggie Miller,latest
2891,22,Rik Smits,
2892,313,Vern Fleming,
2893,201,Chris Dudley,
2894,356,Chris Morris,
2895,934,Derrick Coleman,latest
2896,76803,Derrick Gervin,
2897,917,Jack Haley,
2898,146,Jud Buechler,
2899,77362,Kurk Lee,
2900,76431,Lester Conner,
2901,302,Mookie Blaylock,latest
2902,78310,Reggie Theus,
2903,76217,Sam Bowie,
2904,76801,Tate George,
2905,77260,Bo Kimble,
2906,293,Charles Smith,
2907,202,Gary Grant,
2908,77474,Jeff Martin,
2909,76094,Ken Bannister,
2910,80,Ken Norman,
2911,919,Loy Vaught,
2912,76790,Tom Garrick,
2913,76782,Winston Garland,
2914,156,Antoine Carr,
2915,82,Bill Wennington,
2916,76942,Bob Hansen,
2917,190,Duane Causwell,
2918,287,Eric Leckner,
2919,1489,Lionel Simmons,
2920,78055,Ralph Sampson,
2921,600009,Rory Sparrow,
2922,306,Steve Colter,
2923,47,Wayman Tisdale,
2924,769,B.J. Armstrong,
2925,76362,Bill Cartwright,
2926,77377,Cliff Levingston,
2927,77034,Craig Hodges,
2928,77054,Dennis Hopson,
2929,270,Horace Grant,
2930,77820,John Paxson,
2931,893,Michael Jordan,latest
2932,281,Scott Williams,latest
2933,937,Scottie Pippen,latest
2934,351,Stacey King,
2935,781,Will Perdue,
2936,1680,Brian Oliver,
2937,787,Charles Barkley,latest
2938,765,Hersey Hawkins,latest
2939,420,Jayson Williams,
2940,1008,Johnny Dawkins,
2941,76195,Manute Bol,
2942,76826,Mike Gminski,
2943,328,Rick Mahorn,
2944,76874,Rickey Green,
2945,76046,Ron Anderson,
2946,288,Armen Gilliam,
2947,77053,Dave Hoppen,
2948,209,Dell Curry,latest
2949,462,J.R. Reid,
2950,271,Johnny Newman,
2951,78369,Kelly Tripucka,
2952,383,Kendall Gill,latest
2953,930,Kenny Gattison,
2954,177,Muggsy Bogues,
2955,364,Rex Chapman,
2956,77893,Brian Quinnett,
2957,891,Charles Oakley,latest
2958,78534,Eddielee Wilkins,
2959,786,Gerald Wilkins,
2960,1054,Jerrod Mustaf,
2961,78404,Kiki Vandeweghe,
2962,349,Mark Jackson,
2963,76385,Maurice Cheeks,
2964,121,Patrick Ewing,latest
2965,95,Mark Bryant,
2966,344,Dana Barros,
2967,365,Derrick McKey,
2968,56,Gary Payton,latest
2969,262,Michael Cage,
2970,178,Olden Polynice,
2971,76497,Quintin Dailey,
2972,9,Sedale Threatt,
2973,431,Shawn Kemp,latest
2974,1365,Xavier McDaniel,
2975,78014,Tree Rollins,
2976,442,Pervis Ellison,
2977,76861,Stuart Gray,
2978,78375,Trent Tucker,
2979,77301,Frank Kornet,
2980,76881,David Greenwood,
2981,764,David Robinson,
2982,77879,Paul Pressey,
2983,199,Reggie Williams,
2984,251,Sean Elliott,
2985,925,Sean Higgins,
2986,76876,Sidney Green,
2987,187,Terry Cummings,
2988,763,Tony Massenburg,
2989,920,A.C. Green,
2990,2,Byron Scott,
2991,922,Elden Campbell,latest
2992,1460,James Worthy,
2993,76599,Larry Drew,
2994,77142,Magic Johnson,latest
2995,78331,Mychal Thompson,
2996,64,Sam Perkins,
2997,78304,Terry Teagle,
2998,124,Vlade Divac,latest
2999,1117,John Shasky,
3000,1839,Randy White,
3001,76024,Steve Alford,
3002,76320,Greg Butler,
3003,88,Steve Scheffler,
3004,77129,Les Jepsen,
3005,1091,Mike Smrek,
3006,330,Danny Manning,latest
3007,77558,Mark McNamara,
3008,70,Steve Kerr,latest
3009,78589,Kennard Winchester,
3010,76334,Rick Calloway,
3011,77496,Travis Mays,
3012,1027,Trevor Wilson,
3013,76268,Tony Brown,
3014,705,Randolph Keys,
3015,104,Benoit Benjamin,
3016,76574,Byron Dinkins,
3017,368,Dwayne Schintzius,
3018,77822,Kenny Payne,
3019,285,Greg Grant,
3020,380,Tony Smith,
3021,203,Nate McMillan,
3022,393,Rod Strickland,latest
3023,51,Mahmoud Abdul-Rauf,
3024,77571,Scott Meents,
3025,77839,Jim Petersen,
3026,738,Bob Thornton,
3027,77845,Drazen Petrovic,
3028,77905,Kurt Rambis,
3029,402,Jon Koncak,
3030,1037,Stojko Vrankovic,
3031,76090,Cedric Ball,
3032,457,Andrew Lang,
3033,77294,Bart Kofoed,
3034,76695,Jim Farmer,
3035,76453,Dave Corzine,
3036,77130,Buck Johnson,
3037,76079,Milos Babic,
3038,1861,Negele Knight,
3039,335,Willie Anderson,
3040,78377,Andre Turner,
3041,289,Ledell Eackles,
3042,76844,Jim Grandholm,
3043,78394,Kelvin Upshaw,
3044,78611,Leon Wood,
3045,371,Terry Mills,latest
3046,78395,Darnell Valentine,
3047,78528,Morlon Wiley,
3048,78317,Irving Thomas,
3049,317,John Starks,
3050,939,Pete Myers,
3051,173,Keith Askins,
3052,41,Anthony Bonner,
3053,107,Dale Ellis,latest
3054,76483,Pat Cummings,
3055,78440,Kenny Walker,
3056,53,Mario Elie,latest
3057,193,Anthony Mason,latest
3058,100,Tim Legler,
3059,77776,Dan O'Sullivan,
3060,76827,Dan Godfread,
3061,1080,Henry James,
3062,77372,Jim Les,
3063,77623,Paul Mokeski,
3064,940,Earl Cureton,
3065,76752,Anthony Frederick,
3066,77757,Jawann Oldham,
3067,1874,Jeff Sanders,
3068,76911,Scott Haffner,
3069,1381,John Long,
3070,166,Ron Harper,
3071,76961,Tony Harris,
3072,77374,Clifford Lett,
3073,78181,Clinton Smith,
3074,78554,John Williams,
3075,77694,Craig Neal,
3076,1848,Mike Higgins,
3077,76353,Carroll,
3078,76993,Gerald Henderson,
3079,78247,Everette Stephens,
3080,78179,Charles Smith,
3081,766,David Wingate,
3082,76542,Tony Dawson,
3083,77370,Gary Leonard,
3084,78627,A.J. Wynder,
3085,76504,Adrian Dantley,
3086,78183,Derek Smith,
3087,355,Vincent Askew,
3088,77936,Robert Reid,
666641,1629658,Jaylen Hoard,latest
3090,1628417,Jaron Blossomgame,latest
3091,1629164,Brandon Goodwin,latest
3092,1629312,Haywood Highsmith,latest
666647,,Daulton Hommes,
666650,1629659,Talen Horton-Tucker,latest
666653,1629739,William Howard,latest
666656,1629631,De'Andre Hunter,latest
666511,1629599,Amir Coffey,latest
666672,1629713,Justin James,latest
666675,1629610,DaQuan Jeffries,latest
666676,1629660,Ty Jerome,latest
666679,1629661,Cameron Johnson,latest
666682,1629640,Keldon Johnson,latest
666692,1629662,Mfiondu Kabengele,latest
666697,1629742,Stanton Kidd,latest
666698,1629663,Louis King,latest
666702,,Sagaba Konate,
666703,1629723,John Konchar,latest
666707,,Christ Koumadje,
666708,,David Kramer,
666713,1629641,Romeo Langford,latest
666714,,Terry Larrier,
666716,,Dedric Lawson,
666717,1629724,Vic Law,latest
1567838,1628778,Paul Watson,
666720,1629665,Jalen Lecque,latest
666726,,Mathias Lessort,
666729,1629642,Nassir Little,latest
666743,1629611,Terance Mann,latest
666747,1628997,Caleb Martin,latest
666748,1628998,Cody Martin,latest
666750,1629725,Jeremiah Martin,latest
666751,1629103,Kelan Martin,latest
666754,1629726,Garrison Mathews,latest
666755,,Dakota Mathias,
666757,,Luke Maye,
666758,1628769,Tahjere McCall,latest
666762,1629667,Jalen McDaniels,latest
666767,1629162,Jordan McLaughlin,latest
666770,1629740,Nicolo Melli,latest
666775,,Isaiah Miles,
666783,1629690,Adam Mokoka,latest
666786,1629630,Ja Morant,latest
666788,1629752,Juwan Morgan,latest
666794,1628539,Mychal Mulder,latest
666795,,Jordan Murphy,
666808,1629668,Zach Norvell Jr.,latest
666809,1629669,Jaylen Nowell,latest
666818,,Chuma Okeke,
666821,1629644,KZ Okpala,latest
666824,1629671,Miye Oni,latest
666827,1629745,Tariq Owens,latest
666828,,James Palmer Jr.,
666831,1629672,Eric Paschall,latest
666837,203658,Norvel Pelle,latest
666838,,Josh Perkins,
666840,,Lamar Peters,
666841,,Isaiah Pineiro,
666846,1629738,Vincent Poirier,latest
666847,1629044,Shamorie Ponds,latest
666848,1629673,Jordan Poole,latest
666849,1629645,Kevin Porter Jr.,latest
666859,1629729,Josh Reaves,latest
666860,1629629,Cameron Reddish,latest
666871,1629620,Justin Robinson,latest
666873,1629676,Isaiah Roby,latest
666881,1629677,Luka Samanic,latest
666885,1629678,Admiral Schofield,latest
666891,1629621,Marial Shayok,latest
666892,,Simisola Shittu,
666894,1629735,Chris Silva,latest
666897,,Justin Simon,
666899,,Deividas Sirvydis,
666900,1629346,Alen Smailagic,latest
666908,1629622,Max Strus,latest
666919,1629744,Matt Thomas,latest
666923,1629680,Matisse Thybulle,latest
666925,1629308,Juan Toscano-Anderson,latest
666930,1629730,Rayjon Tucker,latest
666940,1629731,Dean Wade,latest
666950,1629023,P.J. Washington,latest
666952,1629682,Tremont Waters,latest
666953,1629683,Quinndary Weatherspoon,latest
666956,1629632,Coby White,latest
666960,,Lindell Wigginton,
666963,1628430,Nigel Williams-Goss,latest
666965,1629684,Grant Williams,latest
666969,1629627,Zion Williamson,latest
666971,1629685,Dylan Windler,latest
666973,,Todd Withers,
666975,1629624,Kenny Wooten,latest
666976,1629625,Justin Wright-Foreman,latest
3450,1629061,Deng Adel,latest
666523,1629633,Jarrett Culver,latest
50815,1629168,BJ Johnson,latest
339,1627846,Abdel Nader,latest
666517,1629076,Tyler Cook,latest
666529,,Jon Davis,
666530,1629056,Terence Davis,latest
667302,1629740,Nicolo Melli,latest
2116373,1628605,Dusty Hannahs,
667378,1629675,Naz Reid,latest
666429,1629647,Darius Bazley,latest
3943,1627395,Julian Washburn,latest
666463,1629714,Jarrell Brantley,latest
666541,1629652,Luguentz Dort,latest
666474,,Charles Brown,
666543,1629635,Sekou Doumbouya,latest
1573276,,Levi Randolph,
1986689,1629005,Malik Newman,latest
666486,1629719,Devontae Cacok,latest
1280857,1628987,Kevin Hervey,latest
666551,1629035,Carsen Edwards,latest
50609,1629541,Dairis Bertans,
666552,,John Egbunu,
666488,,Perrion Callandret,
666560,1629605,Tacko Fall,latest
666489,1628427,Vlatko Cancar,latest
666564,1628981,Bruno Fernando,latest
50823,1629203,Jemerrio Jones,latest
666464,1629649,Ignas Brazdeikis,latest
666570,,Robert Franks,
45947,1629055,Donte Grantham,latest
666576,,Abdul Gaddy,
666577,1629655,Daniel Gafford,latest
3089,1629018,Gary Trent Jr.,latest
5117,1628249,Mitchell Creek,
666580,,JaKeenan Gant,
666581,1629636,Darius Garland,latest
666438,,Javon Bess,
5279,1629150,Emanuel Terry,latest
666584,,Kaiser Gates,
5471,1629102,Brandon Sampson,latest
666440,,Kavell Bigby-Williams,
666476,1629650,Moses Brown,latest
189,201933,Blake Griffin,latest
50927,1629134,Kendrick Nunn,latest
666598,,Hassani Gravett,
465,202689,Kemba Walker,latest
666442,1629048,Goga Bitadze,latest
50661,1629185,Chris Chiozza,latest
666604,1629750,Javonte Green,latest
1603383,1629216,Gabe Vincent,latest
666607,1629741,Marko Guduric,latest
666608,1629657,Kyle Guy,latest
666609,1629060,Rui Hachimura,latest
666610,1628985,Devon Hall,latest
666611,1629743,Donta Hall,latest
50191,1629045,Bonzie Colson,latest
666616,1629607,Jared Harper,latest
50947,1629341,Tarik Phillip,
2270852,,Sir'Dominic Pointer,
1358055,1628394,Anzejs Pasecniks,latest
213,1628988,Aaron Holiday,latest
666446,,Keljin Blevins,
666626,1629637,Jaxson Hayes,latest
666502,1629597,Zylan Cheatham,latest
666630,1629608,Dewan Hernandez,latest
666633,1629639,Tyler Herro,latest
50966,1629244,Cameron Reynolds,latest
666637,,Ahmed Hill,
666640,,Amir Hinton,
666467,,Amida Brimah,
666505,1629634,Brandon Clarke,latest
666451,1629626,Bol Bol,latest
666453,1629716,Marques Bolden,latest
1891701,1628450,Eric Mika,latest
666508,1629651,Nicolas Claxton,latest
666454,1629648,Jordan Bone,latest
666509,1629598,Chris Clemons,latest
666468,1629052,Oshae Brissett,latest
666393,,Jalen Adams,
50729,1626187,Michael Frazier,latest
666400,1629638,Nickeil Alexander-Walker,latest
666401,1629734,Kyle Alexander,latest
2309958,1629007,Jontay Porter,latest
666457,,Phil Booth,
1687493,1629760,Matt Mooney,latest
50737,1628656,Billy Garrett,
